Workbook

Sheet dataset
A2: DAFTAR NAMA KEPALA KELUARGA PENERIMA PKH DESA SEMANDING
A3: RT. 1 & RT. 2 RW.05 KEC SEMANDING KAB TUBAN 2021
A5: No. | B5: No KK | C5: Nama Kepala Keluarga | D5: RT / RW | E5: Penghasilan | F5: Luas Rumah | G5: Status Kepemilikan Rumah | H5: Sumber Air | I5: ibu Hamil / menyusui | J5: lansia | K5: jumlah tanggungan (Anak) | L5: jenis dinding | M5: jenis lantai | N5: jenis atap | O5: Keputusan
A6: 1 | B6: 3523151708700001 | C6: MUHAMMAD ABIDIN | D6: 01 / 05 | E6: 1500000 | F6: 72 M2 | G6: Milik Sendiri | H6: PDAM | I6: Tidak Ada | J6: Tidak Ada | K6: 1 | L6: Tembok | M6: Keramik | N6: Genteng | O6: Tidak
A7: 2 | B7: 3523151403061494 | C7: MULYONO | D7: 01 / 05 | E7: 1500000 | F7: 54 M2 | G7: Milik Sendiri | H7: PDAM | I7: Tidak Ada | J7: 1 | K7: Tidak Ada | L7: Tembok | M7: Keramik | N7: Genteng | O7: Tidak
A8: 3 | B8: 3523150803680008 | C8: CAMPUN | D8: 01 / 05 | E8: 3500000 | F8: 54 M2 | G8: Milik Sendiri | H8: PDAM | I8: Tidak Ada | J8: Tidak Ada | K8: Tidak Ada | L8: Tembok | M8: Keramik | N8: Genteng | O8: Tidak
A9: 4 | B9: 3523152312110002 | C9: SUNTONO | D9: 01 / 05 | E9: 1500000 | F9: 54 M2 | G9: Milik Sendiri | H9: PDAM | I9: Tidak Ada | J9: Tidak ada | K9: 1 | L9: Tembok | M9: Keramik | N9: Genteng | O9: Tidak
A10: 5 | B10: =Penghasilan!B21 -> 3523151309090186 | C10: DEDDY MUDHIATAMA | D10: 02 / 05 | E10: =Penghasilan!D21 -> 5000000 | F10: 90 M2 | G10: Milik Sendiri | H10: PDAM | I10: Tidak Ada | J10: Tidak Ada | K10: 2 | L10: Tembok | M10: Keramik | N10: Genteng | O10: Tidak
A11: 6 | B11: 3523153010120005 | C11: IWAN SUGIYANTO | D11: 01 / 05 | E11: 3500000 | F11: 90 M2 | G11: Milik Sendiri | H11: PDAM | I11: Tidak Ada | J11: Tidak Ada | K11: 1 | L11: Tembok | M11: Keramik | N11: Genteng | O11: Tidak
A12: 7 | B12: 3523151005780008 | C12: MUNIR MUSTAQIM | D12: 01 / 05 | E12: 2000000 | F12: 90 M2 | G12: Milik Sendiri | H12: PDAM | I12: Tidak Ada | J12: 1 | K12: 2 | L12: Tembok | M12: Keramik | N12: Genteng | O12: Tidak
A13: 8 | B13: 3523155002670004 | C13: KASMINI | D13: 01 / 05 | E13: 1500000 | F13: 72 M2 | G13: Milik Sendiri | H13: PDAM | I13: Tidak Ada | J13: Tidak Ada | K13: 1 | L13: Tembok | M13: Keramik | N13: Genteng | O13: Tidak
A14: 9 | B14: =Penghasilan!B67 -> 3523122711140001 | C14: MOKH YUSUF | D14: 01 / 05 | E14: =Penghasilan!D67 -> 1500000 | F14: 80 M2 | G14: Menumpang | H14: PDAM | I14: Tidak Ada | J14: Tidak Ada | K14: 2 | L14: Tembok | M14: Keramik | N14: Genteng | O14: Tidak
A15: 10 | B15: 3523151403061495 | C15: TARNO | D15: 01 / 05 | E15: 1500000 | F15: 90 M2 | G15: Milik Sendiri | H15: PDAM | I15: Tidak Ada | J15: 2 | K15: Tidak Ada | L15: Tembok | M15: Keramik | N15: Genteng | O15: Layak
A16: 11 | B16: 3523151403061490 | C16: MURSID | D16: 01 / 05 | E16: Tidak bekerja | F16: 56 M2 | G16: Milik Sendiri | H16: PDAM | I16: Tidak Ada | J16: 2 | K16: Tidak Ada | L16: Papan/ Kayu | M16: Semen | N16: Asbes / Seng | O16: Layak
A17: 12 | B17: 3523151403061489 | C17: ABDUL MAJID | D17: 01 / 05 | E17: 1500000 | F17: 90 M2 | G17: Milik Sendiri | H17: PDAM | I17: Tidak Ada | J17: 2 | K17: Tidak Ada | L17: Tembok | M17: Keramik | N17: Genteng | O17: Tidak
A18: 13 | B18: 3523151210160002 | C18: SUGENG WAHONO | D18: 01 / 05 | E18: 2000000 | F18: 90 M2 | G18: Menumpang | H18: PDAM | I18: Tidak Ada | J18: Tidak Ada | K18: 2 | L18: Tembok | M18: Keramik | N18: Genteng | O18: Tidak
A19: 14 | B19: 3523153012090392 | C19: TAMIN | D19: 01 / 05 | E19: 1500000 | F19: 48 M2 | G19: Milik Sendiri | H19: PDAM | I19: Tidak Ada | J19: Tidak Ada | K19: 1 | L19: Tembok | M19: Semen | N19: Genteng | O19: Tidak
A20: 15 | B20: 3523153112090174 | C20: ABDUH NAHLIAN | D20: 01 / 05 | E20: 2500000 | F20: 48 M2 | G20: Milik Sendiri | H20: PDAM | I20: Tidak Ada | J20: Tidak Ada | K20: 2 | L20: Tembok | M20: Keramik | N20: Genteng | O20: Tidak
A21: 16 | B21: 3523151403061485 | C21: TARMUDJI | D21: 01 / 05 | E21: 1500000 | F21: 54 M2 | G21: Milik Sendiri | H21: PDAM | I21: Tidak Ada | J21: 2 | K21: Tidak Ada | L21: Tembok | M21: Keramik | N21: Genteng | O21: Tidak
A22: 17 | B22: 3523150305120003 | C22: SUWANTO | D22: 01 / 05 | E22: 1500000 | F22: 32 M2 | G22: Milik Sendiri | H22: PDAM | I22: Tidak Ada | J22: Tidak Ada | K22: 2 | L22: Papan/Bambu | M22: Semen | N22: Genteng | O22: Layak
A23: 18 | B23: 3523153112090228 | C23: KASIMO | D23: 01 / 05 | E23: 1500000 | F23: 45 M2 | G23: Milik Sendiri | H23: PDAM | I23: Tidak Ada | J23: Tidak Ada | K23: 2 | L23: Papan / kayu | M23: Semen | N23: Genteng | O23: layak
A24: 19 | B24: 3523152608190006 | C24: KASMINAH | D24: 01 / 05 | E24: 1000000 | F24: 56 M2 | G24: Milik Sendiri | H24: PDAM | I24: Tidak Ada | J24: 1 | K24: Tidak Ada | L24: Tembok | M24: Semen | N24: Genteng | O24: Layak
A25: 20 | B25: 3523150603820007 | C25: DIDIK PRIANTO | D25: 01 / 05 | E25: 1500000 | F25: 54 M2 | G25: Milik Sendiri | H25: PDAM | I25: Tidak Ada | J25: Tidak Ada | K25: 1 | L25: Tembok | M25: Semen | N25: Genteng | O25: Tidak
A26: 21 | B26: 3523151403061487 | C26: DASMIATI | D26: 01 / 05 | E26: Tidak bekerja | F26: 42 M2 | G26: Milik Sendiri | H26: PDAM | I26: Tidak Ada | J26: 1 | K26: Tidak Ada | L26: Tembok | M26: Semen | N26: Genteng | O26: Layak
A27: 22 | B27: 3523153112090184 | C27: IMAM KHOIRI | D27: 01 / 05 | E27: 6000000 | F27: 54M2 | G27: Milik Sendiri | H27: PDAM | I27: Tidak Ada | J27: Tidak Ada | K27: 3 | L27: Tembok | M27: Keramik | N27: Genteng | O27: Tidak
A28: 23 | B28: 3523151403061482 | C28: IMAM TOKO | D28: 01 / 05 | E28: 1500000 | F28: 54 M2 | G28: Milik Sendiri | H28: PDAM | I28: Tidak Ada | J28: Tidak Ada | K28: 2 | L28: Tembok | M28: Keramik | N28: Genteng | O28: Tidak
A29: 24 | B29: 3523150212140009 | C29: TUTIK | D29: 01 / 05 | E29: 2000000 | F29: 40 M2 | G29: Milik Sendiri | H29: PDAM | I29: Tidak Ada | J29: Tidak Ada | K29: 3 | L29: Tembok | M29: Keramik | N29: Genteng | O29: Tidak
A30: 25 | B30: 3523151403061478 | C30: RAKIJAH | D30: 01 / 05 | E30: Tidak bekerja | F30: 35 M2 | G30: Milik Sendiri | H30: PDAM | I30: Tidak Ada | J30: 1 | K30: Tidak Ada | L30: Tembok | M30: Semen | N30: Genteng | O30: Layak
A31: 26 | B31: 3523151403061480 | C31: SARDI | D31: 01 / 05 | E31: 1000000 | F31: 60 M2 | G31: Milik Sendiri | H31: PDAM | I31: Tidak Ada | J31: 2 | K31: Tidak Ada | L31: Tembok | M31: Keramik | N31: Genteng | O31: Tidak
A32: 27 | B32: 3523150507190002 | C32: KASLIK | D32: 01 / 05 | E32: 1500000 | F32: 60 M2 | G32: Menumpang | H32: PDAM | I32: Tidak Ada | J32: Tidak Ada | K32: 3 | L32: Tembok | M32: Keramik | N32: Genteng | O32: Tidak
A33: 28 | B33: 3523152906120007 | C33: TOTOK AGUSTARI | D33: 01 / 05 | E33: 2000000 | F33: 60 M2 | G33: Milik Sendiri | H33: PDAM | I33: Tidak Ada | J33: Tidak Ada | K33: 1 | L33: Tembok | M33: Semen | N33: Genteng | O33: Tidak
A34: 29 | B34: 3523151403061479 | C34: WASIR | D34: 01 / 05 | E34: 3000000 | F34: 40 M2 | G34: Milik Sendiri | H34: PDAM | I34: Tidak Ada | J34: Tidak Ada | K34: Tidak Ada | L34: Tembok | M34: Keramik | N34: Genteng | O34: Tidak
A35: 30 | B35: 3523151403061477 | C35: SUDIRO | D35: 01 / 05 | E35: Tidak bekerja | F35: 48 M2 | G35: Milik Sendiri | H35: PDAM | I35: Tidak Ada | J35: 2 | K35: 2 | L35: Bambu | M35: Tanah | N35: Genteng | O35: Layak
A36: 31 | B36: 3523153112090244 | C36: SUYANTO | D36: 01 / 05 | E36: 1500000 | F36: 24 M2 | G36: Milik Sendiri | H36: PDAM | I36: Tidak Ada | J36: Tidak Ada | K36: 1 | L36: Tembok | M36: Semen | N36: Genteng | O36: Layak
A37: 32 | B37: 3523141108840001 | C37: SUWANDI | D37: 01 / 05 | E37: 2000000 | F37: 52 M2 | G37: Milik Sendiri | H37: PDAM | I37: Tidak Ada | J37: Tidak Ada | K37: 2 | L37: Tembok | M37: Keramik | N37: Beton | O37: Tidak
A38: 33 | B38: 3523150107580287 | C38: LIK DJOYO | D38: 01 / 05 | E38: Tidak bekerja | F38: 53 M2 | G38: Menumpang | H38: PDAM | I38: Tidak Ada | J38: 1 | K38: Tidak Ada | L38: Tembok | M38: Keramik | N38: Beton | O38: Tidak
A39: 34 | B39: 3523150202500002 | C39: KARMADI | D39: 01 / 05 | E39: 2500000 | F39: 50 M2 | G39: Milik Sendiri | H39: PDAM | I39: Tidak Ada | J39: 2 | K39: Tidak Ada | L39: Tembok | M39: Keramik | N39: Genteng | O39: Tidak
A40: 35 | B40: 3523150107510085 | C40: WIBOWO SLAMET | D40: 01 / 05 | E40: Tidak bekerja | F40: 54 M2 | G40: Milik Sendiri | H40: Sumur | I40: Tidak Ada | J40: 1 | K40: Tidak Ada | L40: Papan / kayu | M40: Tanah | N40: Genteng | O40: Layak
A41: 36 | B41: 3523151604600002 | C41: WINARTO | D41: 01 / 05 | E41: 1500000 | F41: 54 M2 | G41: Milik Sendiri | H41: PDAM | I41: Tidak Ada | J41: Tidak Ada | K41: Tidak Ada | L41: Tembok | M41: Keramik | N41: Genteng | O41: Tidak
A42: 37 | B42: 3523152603110001 | C42: HADI | D42: 01 / 05 | E42: 2000000 | F42: 54 M2 | G42: Milik Sendiri | H42: PDAM | I42: Tidak Ada | J42: Tidak Ada | K42: 2 | L42: Tembok | M42: Keramik | N42: Genteng | O42: Tidak
A43: 38 | B43: 3523152212200001 | C43: NGATOLAN | D43: 01 / 05 | E43: Tidak bekerja | F43: 55 M2 | G43: Menumpang | H43: PDAM | I43: Tidak Ada | J43: 2 | K43: Tidak Ada | L43: Tembok | M43: Keramik | N43: Genteng | O43: Tidak
A44: 39 | B44: 3523154107540103 | C44: KARSIYAH | D44: 01 / 05 | E44: Tidak bekerja | F44: 52 M2 | G44: Milik Sendiri | H44: PDAM | I44: Tidak ada | J44: 1 | K44: Tidak Ada | L44: Tembok | M44: Keramik | N44: Genteng | O44: Tidak
A45: 40 | B45: 3523151403170009 | C45: KARDIYONO | D45: 01 / 05 | E45: 1500000 | F45: 52 M2 | G45: Menumpang | H45: PDAM | I45: Tidak ada | J45: Tidak Ada | K45: 2 | L45: Tembok | M45: Keramik | N45: Genteng | O45: Tidak
A46: 41 | B46: 3523151403061471 | C46: LILIK | D46: 01 / 05 | E46: 2500000 | F46: 81 M2 | G46: Milik Sendiri | H46: PDAM | I46: Tidak Ada | J46: 1 | K46: Tidak Ada | L46: Tembok | M46: Keramik | N46: Genteng | O46: Tidak
A47: 42 | B47: =Penghasilan!B24 -> 3523151403061467 | C47: WARIYANTO | D47: 02 / 05 | E47: =Penghasilan!$D$24 -> 1000000 | F47: 81 M2 | G47: Milik Sendiri | H47: PDAM | I47: Tidak Ada | J47: 1 | K47: 2 | L47: Papan / kayu | M47: Keramik | N47: Genteng | O47: Layak
A48: 43 | B48: =Penghasilan!B37 -> 3523151403061466 | C48: SUJONO | D48: 02 / 05 | E48: =Penghasilan!$D$37 -> 800000 | F48: 54 M2 | G48: Milik Sendiri | H48: PDAM | I48: Tidak Ada | J48: Tidak Ada | K48: Tidak Ada | L48: Tembok | M48: Keramik | N48: Genteng | O48: Tidak
A49: 44 | B49: =Penghasilan!B36 -> 3523151309090180 | C49: SUMIJAH | D49: 02 / 05 | E49: =Penghasilan!$D$36 -> Tidak bekerja | F49: 12 M2 | G49: Milik Sendiri | H49: PDAM | I49: Tidak Ada | J49: 1 | K49: Tidak Ada | L49: Papan / kayu | M49: Tanah | N49: Genteng | O49: Layak
A50: 45 | B50: =Penghasilan!B38 -> 3523151403061468 | C50: SUPRAPTO | D50: 02 / 05 | E50: =Penghasilan!$D$38 -> 1500000 | F50: 53 M2 | G50: Milik Sendiri | H50: PDAM | I50: Tidak Ada | J50: 1 | K50: Tidak Ada | L50: Tembok | M50: Keramik | N50: Genteng | O50: Tidak
A51: 46 | B51: =Penghasilan!B41 -> 3523153004190006 | C51: SUHARTONO | D51: 02 / 05 | E51: =Penghasilan!$D$41 -> 2500000 | F51: 53 M2 | G51: Menumpang | H51: PDAM | I51: Tidak Ada | J51: Tidak Ada | K51: 2 | L51: Tembok | M51: Keramik | N51: Genteng | O51: Tidak
A52: 47 | B52: =Penghasilan!B42 -> 3523151309090188 | C52: SUGIYONO | D52: 02 / 05 | E52: =Penghasilan!$D$42 -> 1500000 | F52: 72 M2 | G52: Milik Sendiri | H52: PDAM | I52: Tidak Ada | J52: Tidak Ada | K52: 2 | L52: Tembok | M52: Keramik | N52: Genteng | O52: Tidak
A53: 48 | B53: =Penghasilan!B34 -> 3523151403061462 | C53: MARSILAN | D53: 02 / 05 | E53: =Penghasilan!$D$34 -> 1000000 | F53: 72 M2 | G53: Milik Sendiri | H53: PDAM | I53: Tidak Ada | J53: 2 | K53: Tidak Ada | L53: Tembok | M53: Keramik | N53: Genteng | O53: Tidak
A54: 49 | B54: =Penghasilan!B40 -> 3523150209200001 | C54: NURHAMID | D54: 02 / 05 | E54: =Penghasilan!$D$40 -> 5000000 | F54: 63 M2 | G54: Milik Sendiri | H54: PDAM | I54: Tidak Ada | J54: Tidak Ada | K54: 1 | L54: Tembok | M54: Keramik | N54: Genteng | O54: Tidak
A55: 50 | B55: =Penghasilan!B39 -> 3523151403060780 | C55: SAMIDAH | D55: 02 / 05 | E55: =Penghasilan!$D$39 -> Tidak bekerja | F55: 32 M2 | G55: Milik Sendiri | H55: PDAM | I55: Tidak Ada | J55: 1 | K55: Tidak Ada | L55: Tembok | M55: Keramik | N55: Genteng | O55: Layak
A56: 51 | B56: =Penghasilan!B30 -> 3523151403061463 | C56: MUNASIR | D56: 02 / 05 | E56: =Penghasilan!$D$30 -> 800000 | F56: 54 M2 | G56: Milik Sendiri | H56: PDAM | I56: Tidak Ada | J56: Tidak Ada | K56: 3 | L56: Papan / kayu | M56: Tanah | N56: Genteng | O56: Layak
A57: 52 | B57: =Penghasilan!B32 -> 3523151005110001 | C57: PURWANTO | D57: 02 / 05 | E57: =Penghasilan!$D$32 -> 1000000 | F57: 54 M2 | G57: Milik Sendiri | H57: PDAM | I57: Tidak Ada | J57: Tidak Ada | K57: 2 | L57: Tembok | M57: Semen | N57: Genteng | O57: Tidak
A58: 53 | B58: =Penghasilan!B33 -> 3523151403060778 | C58: PANLIK | D58: 02 / 05 | E58: =Penghasilan!$D$33 -> 1000000 | F58: 84 M2 | G58: Milik Sendiri | H58: PDAM | I58: Tidak Ada | J58: Tidak Ada | K58: 1 | L58: Tembok | M58: Keramik | N58: Genteng | O58: Tidak
A59: 54 | B59: =Penghasilan!B35 -> 3523151303180005 | C59: MACTIUS RICKY LEONALDO | D59: 02 / 05 | E59: =Penghasilan!$D$35 -> 3000000 | F59: 54 M2 | G59: Milik Sendiri | H59: PDAM | I59: Tidak Ada | J59: Tidak Ada | K59: 2 | L59: Tembok | M59: Keramik | N59: Genteng | O59: Tidak
A60: 55 | B60: =Penghasilan!B31 -> 3523151403060769 | C60: PUJI PRASETYO | D60: 02 / 05 | E60: =Penghasilan!$D$31 -> 3000000 | F60: 100 M2 | G60: Milik Sendiri | H60: PDAM | I60: Tidak Ada | J60: Tidak Ada | K60: 1 | L60: Tembok | M60: Keramik | N60: Genteng | O60: Tidak
A61: 56 | B61: =Penghasilan!B43 -> 3523152405190001 | C61: TRI ABDUL AZIZ | D61: 02 / 05 | E61: =Penghasilan!$D$43 -> 1000000 | F61: 100 M2 | G61: Menumpang | H61: PDAM | I61: Tidak Ada | J61: Tidak Ada | K61: 1 | L61: Tembok | M61: Keramik | N61: Genteng | O61: Tidak
A62: 57 | B62: =Penghasilan!B44 -> 3523151403060777 | C62: TOTOK PUJI WALUYO | D62: 02 / 05 | E62: =Penghasilan!$D$44 -> 4000000 | F62: 98 M2 | G62: Milik Sendiri | H62: PDAM | I62: Tidak Ada | J62: 1 | K62: Tidak Ada | L62: Tembok | M62: Keramik | N62: Genteng | O62: Tidak
A63: 58 | B63: =Penghasilan!B45 -> 3523151309090177 | C63: DEBBY TARUNA VIRGO | D63: 02 / 05 | E63: =Penghasilan!$D$45 -> 5000000 | F63: 120 M2 | G63: Milik Sendiri | H63: PDAM | I63: Tidak Ada | J63: Tidak Ada | K63: 2 | L63: Tembok | M63: Keramik | N63: Genteng | O63: Tidak
A64: 59 | B64: =Penghasilan!B46 -> 3523151403060771 | C64: TTITIK MUJIATI | D64: 02 / 05 | E64: =Penghasilan!$D$46 -> 800000 | F64: 72 M2 | G64: Milik Sendiri | H64: PDAM | I64: Tidak Ada | J64: Tidak Ada | K64: 2 | L64: Tembok | M64: Keramik | N64: Genteng | O64: Tidak
A65: 60 | B65: =Penghasilan!B47 -> 3523151309090182 | C65: DARMUJI | D65: 02 / 05 | E65: =Penghasilan!$D$47 -> 4000000 | F65: 48 M2 | G65: Milik Sendiri | H65: PDAM | I65: Tidak Ada | J65: Tidak Ada | K65: Tidak Ada | L65: Tembok | M65: Keramik | N65: Genteng | O65: Tidak
A66: 61 | B66: =Penghasilan!B48 -> 3523151403060776 | C66: DASRIK | D66: 02 / 05 | E66: =Penghasilan!$D$48 -> 1000000 | F66: 96 M2 | G66: Milik Sendiri | H66: PDAM | I66: Tidak Ada | J66: 1 | K66: Tidak Ada | L66: Tembok | M66: Keramik | N66: Genteng | O66: Tidak
A67: 62 | B67: =Penghasilan!B6 -> 3523151309090184 | C67: JUATMUN | D67: 02 / 05 | E67: =Penghasilan!$D$6 -> 700000 | F67: 54 M2 | G67: Milik Sendiri | H67: PDAM | I67: Tidak Ada | J67: Tidak Ada | K67: 1 | L67: Tembok | M67: Keramik | N67: Genteng | O67: Tidak
A68: 63 | B68: =Penghasilan!B49 -> 3523152101140003 | C68: WITAWIKNINGSIH | D68: 02 / 05 | E68: =Penghasilan!$D$49 -> 500000 | F68: 73 M2 | G68: Milik Sendiri | H68: PDAM | I68: Tidak Ada | J68: 1 | K68: Tidak Ada | L68: Tembok | M68: Keramik | N68: Genteng | O68: Layak
A69: 64 | B69: =Penghasilan!B52 -> 3523152207170003 | C69: SOEWITO | D69: 02 / 05 | E69: =Penghasilan!$D$52 -> 3700000 | F69: 54 M2 | G69: Milik Sendiri | H69: PDAM | I69: Tidak Ada | J69: 1 | K69: Tidak Ada | L69: Tembok | M69: Keramik | N69: Genteng | O69: Tidak
A70: 65 | B70: =Penghasilan!B50 -> 3523152212160003 | C70: SARTI | D70: 02 / 05 | E70: =Penghasilan!$D$50 -> 1000000 | F70: 54 M2 | G70: Milik Sendiri | H70: PDAM | I70: Tidak Ada | J70: 1 | K70: Tidak Ada | L70: Tembok | M70: Keramik | N70: Genteng | O70: Tidak
A71: 66 | B71: =Penghasilan!B51 -> 3523151403063105 | C71: SUMADI | D71: 02 / 05 | E71: =Penghasilan!$D$51 -> 2083333.3 | F71: 63 M2 | G71: Milik Sendiri | H71: PDAM | I71: Tidak Ada | J71: Tidak Ada | K71: 1 | L71: Tembok | M71: Keramik | N71: Genteng | O71: Tidak
A72: 67 | B72: =Penghasilan!B25 -> 3523150311160031 | C72: HENDRA PERMANA TEGUH | D72: 02 / 05 | E72: =Penghasilan!$D$25 -> 2000000 | F72: 63 M2 | G72: Menumpang | H72: PDAM | I72: Ada | J72: Tidak Ada | K72: Tidak Ada | L72: Tembok | M72: Keramik | N72: Genteng | O72: Tidak
A73: 68 | B73: =Penghasilan!B53 -> 3523151403060757 | C73: SUTARTO | D73: 02 / 05 | E73: =Penghasilan!$D$53 -> 5830000 | F73: 133 M2 | G73: Milik Sendiri | H73: PDAM | I73: Tidak Ada | J73: Tidak Ada | K73: 1 | L73: Tembok | M73: Keramik | N73: Genteng | O73: Tidak
A74: 69 | B74: =Penghasilan!B54 -> 3523151403064641 | C74: TARMUJI | D74: 02 / 05 | E74: =Penghasilan!$D$54 -> 1500000 | F74: 72 M2 | G74: Milik Sendiri | H74: PDAM | I74: Tidak Ada | J74: Tidak Ada | K74: 1 | L74: Tembok | M74: Keramik | N74: Genteng | O74: Tidak
A75: 70 | B75: =Penghasilan!B55 -> 3523151309090179 | C75: ADENAN | D75: 02 / 05 | E75: =Penghasilan!$D$55 -> 1600000 | F75: 54 M2 | G75: Milik Sendiri | H75: PDAM | I75: Tidak Ada | J75: Tidak Ada | K75: 1 | L75: Tembok | M75: Keramik | N75: Genteng | O75: Tidak
A76: 71 | B76: =Penghasilan!B57 -> 3523152310180005 | C76: MARSINAH | D76: 02 / 05 | E76: =Penghasilan!$D$57 -> 1000000 | F76: 54 M2 | G76: Milik Sendiri | H76: PDAM | I76: Tidak Ada | J76: 1 | K76: Tidak Ada | L76: Tembok | M76: Keramik | N76: Genteng | O76: Tidak
A77: 72 | B77: =Penghasilan!B56 -> 3523151309090183 | C77: JUNAEDI | D77: 02 / 05 | E77: =Penghasilan!$D$56 -> 4000000 | F77: 120 M2 | G77: Milik Sendiri | H77: PDAM | I77: Tidak Ada | J77: Tidak Ada | K77: 3 | L77: Tembok | M77: Keramik | N77: Genteng | O77: Tidak
A78: 73 | B78: =Penghasilan!B58 -> 3523151403060766 | C78: ANTON WAHYUDIN | D78: 02 / 05 | E78: =Penghasilan!$D$58 -> 5000000 | F78: 70 M2 | G78: Milik Sendiri | H78: PDAM | I78: Tidak Ada | J78: Tidak Ada | K78: 2 | L78: Tembok | M78: Keramik | N78: Genteng | O78: Tidak
A79: 74 | B79: =Penghasilan!B59 -> 3523151403060765 | C79: SAMAD | D79: 02 / 05 | E79: =Penghasilan!$D$59 -> 3000000 | F79: 105 M2 | G79: Milik Sendiri | H79: PDAM | I79: Tidak Ada | J79: 1 | K79: Tidak Ada | L79: Tembok | M79: Keramik | N79: Genteng | O79: Tidak
A80: 75 | B80: =Penghasilan!B60 -> 3523151403060763 | C80: DARKUN | D80: 02 / 05 | E80: =Penghasilan!$D$60 -> 2500000 | F80: 37 M2 | G80: Milik Sendiri | H80: PDAM | I80: Tidak Ada | J80: Tidak Ada | K80: Tidak Ada | L80: Bambu | M80: Keramik | N80: Genteng | O80: Tidak
A81: 76 | B81: =Penghasilan!B61 -> 3523151403060762 | C81: M.SUEB | D81: 02 / 05 | E81: =Penghasilan!$D$61 -> 2000000 | F81: 108 M2 | G81: Milik Sendiri | H81: PDAM | I81: Tidak Ada | J81: Tidak Ada | K81: 1 | L81: Tembok | M81: Keramik | N81: Genteng | O81: Tidak
A82: 77 | B82: =Penghasilan!B18 -> 3523152007120012 | C82: DHIQ PRIHADI | D82: 02 / 05 | E82: =Penghasilan!$D$18 -> 1800000 | F82: 108 M2 | G82: Menumpang | H82: PDAM | I82: Tidak Ada | J82: Tidak Ada | K82: 2 | L82: Tembok | M82: Keramik | N82: Genteng | O82: Tidak
A83: 78 | B83: =Penghasilan!B17 -> 3523151403060761 | C83: GENDUT HARIYANTO | D83: 02 / 05 | E83: =Penghasilan!$D$17 -> 5000000 | F83: 150 M2 | G83: Milik Sendiri | H83: PDAM | I83: Tidak Ada | J83: 1 | K83: 3 | L83: Tembok | M83: Keramik | N83: Genteng | O83: Tidak
A84: 79 | B84: =Penghasilan!B19 -> 3523152901190003 | C84: SUTARSIH | D84: 02 / 05 | E84: =Penghasilan!$D$19 -> 2000000 | F84: 60 M2 | G84: Milik Sendiri | H84: PDAM | I84: Tidak Ada | J84: 1 | K84: Tidak Ada | L84: Tembok | M84: Keramik | N84: Genteng | O84: Tidak
A85: 80 | B85: =Penghasilan!B14 -> 3523152110200008 | C85: RUJU ALIP | D85: 02 / 05 | E85: =Penghasilan!$D$14 -> 1500000 | F85: 73 M2 | G85: Menumpang | H85: PDAM | I85: Tidak Ada | J85: Tidak Ada | K85: Tidak Ada | L85: Tembok | M85: Keramik | N85: Genteng | O85: Tidak
A86: 81 | B86: =Penghasilan!B27 -> 3523151403060779 | C86: PATMI | D86: 02 / 05 | E86: Tidak bekerja | F86: 70 M2 | G86: Milik Sendiri | H86: PDAM | I86: Tidak Ada | J86: 1 | K86: Tidak Ada | L86: Tembok | M86: Semen | N86: Genteng | O86: Layak
A87: 82 | B87: =Penghasilan!B16 -> 3523150508150003 | C87: DIDIK PURNOMO | D87: 02 / 05 | E87: =Penghasilan!$D$16 -> 1000000 | F87: 60 M2 | G87: Menumpang | H87: PDAM | I87: Ada | J87: Tidak Ada | K87: 1 | L87: Tembok | M87: Keramik | N87: Genteng | O87: Tidak
A88: 83 | B88: =Penghasilan!B15 -> 3523151403060759 | C88: SUTARTI | D88: 02 / 05 | E88: =Penghasilan!$D$15 -> 1000000 | F88: 72 M2 | G88: Milik Sendiri | H88: PDAM | I88: Tidak Ada | J88: 1 | K88: Tidak Ada | L88: Tembok | M88: Keramik | N88: Genteng | O88: Tidak
A89: 84 | B89: =Penghasilan!B7 -> 3523152906120006 | C89: YONO | D89: 02 / 05 | E89: =Penghasilan!$D$7 -> 1000000 | F89: 72 M2 | G89: Menumpang | H89: PDAM | I89: Tidak Ada | J89: Tidak Ada | K89: 2 | L89: Tembok | M89: Keramik | N89: Genteng | O89: Tidak
A90: 85 | B90: =Penghasilan!B29 -> 3523153112090187 | C90: SAMSI | D90: 02 / 05 | E90: =Penghasilan!$D$29 -> 2000000 | F90: 70 M2 | G90: Milik Sendiri | H90: PDAM | I90: Tidak Ada | J90: Tidak Ada | K90: 1 | L90: Tembok | M90: Semen | N90: Genteng | O90: Layak
A91: 86 | B91: =Penghasilan!B9 -> 3523151403061502 | C91: SAKRUN | D91: 02 / 05 | E91: =Penghasilan!$D$9 -> 1500000 | F91: 54 M2 | G91: Milik Sendiri | H91: PDAM | I91: Tidak Ada | J91: Tidak Ada | K91: Tidak Ada | L91: Tembok | M91: Keramik | N91: Genteng | O91: Tidak
A92: 87 | B92: =Penghasilan!B20 -> 3523151409180003 | C92: DWI PURWANTO | D92: 02 / 05 | E92: =Penghasilan!$D$20 -> 3000000 | F92: 54 M2 | G92: Menumpang | H92: PDAM | I92: Ada | J92: Tidak Ada | K92: Tidak Ada | L92: Tembok | M92: Keramik | N92: Genteng | O92: Tidak
A93: 88 | B93: =Penghasilan!B23 -> 3523151503061503 | C93: ASTRO DJOYO WARAS | D93: 02 / 05 | E93: =Penghasilan!$D$23 -> 666000 | F93: 70 M2 | G93: Milik Sendiri | H93: PDAM | I93: Tidak Ada | J93: 2 | K93: Tidak Ada | L93: Tembok | M93: Keramik | N93: Genteng | O93: Layak
A94: 89 | B94: =Penghasilan!B22 -> 3523151309090178 | C94: MAMPUANTO | D94: 02 /05 | E94: =Penghasilan!$D$22 -> 1000000 | F94: 72 M2 | G94: Menumpang | H94: PDAM | I94: Tidak Ada | J94: Tidak Ada | K94: 1 | L94: Tembok | M94: Keramik | N94: Genteng | O94: Tidak
A95: 90 | B95: =Penghasilan!B10 -> 3523151403061500 | C95: MULYONO | D95: 02 /05 | E95: =Penghasilan!$D$10 -> 500000 | F95: 35 M2 | G95: Milik Sendiri | H95: PDAM (Numpang) | I95: Tidak Ada | J95: 2 | K95: Tidak Ada | L95: Bambu | M95: Tanah | N95: Genteng | O95: Layak
A96: 91 | B96: =Penghasilan!B8 -> 3523151403061499 | C96: KARNADI | D96: 02 / 05 | E96: =Penghasilan!$D$8 -> 2000000 | F96: 80 M2 | G96: Milik Sendiri | H96: PDAM | I96: Tidak Ada | J96: 2 | K96: Tidak Ada | L96: Tembok | M96: Keramik | N96: Genteng | O96: tidak
A97: 92 | B97: =Penghasilan!B11 -> 3523151403061497 | C97: SUKARDI | D97: 02 / 05 | E97: =Penghasilan!$D$11 -> 800000 | F97: 35 M2 | G97: Milik Sendiri | H97: PDAM (Numpang) | I97: Tidak Ada | J97: 1 | K97: Tidak Ada | L97: Bambu | M97: Tanah | N97: Genteng | O97: Layak
A98: 93 | B98: =Penghasilan!B12 -> 3523151403061490 | C98: WARJANI | D98: 02 / 05 | E98: =Penghasilan!$D$12 -> 500000 | F98: 54 M2 | G98: Milik Sendiri | H98: PDAM | I98: Tidak Ada | J98: 2 | K98: Tidak Ada | L98: Tembok | M98: Semen | N98: Genteng | O98: Layak
A99: 94 | B99: =Penghasilan!B13 -> 3523151008120009 | C99: MOCHAMMAD ISWANDI | D99: 02 / 05 | E99: =Penghasilan!$D$13 -> 1000000 | F99: 54 M2 | G99: Menumpang | H99: PDAM | I99: Tidak Ada | J99: Tidak Ada | K99: 2 | L99: Tembok | M99: Semen | N99: Genteng | O99: Layak
A100: 95 | B100: =Penghasilan!B26 -> 3523151309090126 | C100: MOH . MAHKIN NAUFAL | D100: 02 / 05 | E100: =Penghasilan!$D$26 -> 3000000 | F100: 105 M2 | G100: Milik Sendiri | H100: PDAM | I100: Tidak Ada | J100: Tidak Ada | K100: 3 | L100: Tembok | M100: Keramik | N100: Genteng | O100: Tidak
Q105: akurasi | R105: =(('t.data & p. k - means'!#REF!+'t.data & p. k - means'!#REF!)/('t.data & p. k - means'!#REF!+'t.data & p. k - means'!#REF!+'t.data & p. k - means'!#REF!+'t.data & p. k - means'!#REF!))*100% -> #REF!

Sheet Penghasilan
A3: DAFTAR NO KK DESA SEMANDING RT 02 RW5 | H3: Daftar Nama yang berkerja lebih dari 1 orang dalam 1 KK
A5: No | B5: No KK | C5: Nama Kepala Keluarga | D5: Penghasilan | E5: RT / RW | H5: No KK | I5: Nama | J5: Penghasilan
A6: 1 | B6: 3523151309090184 | C6: JUATMUN | D6: =8400000/12 -> 700000 | E6: 2 / 5 | H6: =B8 -> 3523151403061499 | I6: TARMUDO | J6: =18000000/12 -> 1500000
A7: 2 | B7: 3523152906120006 | C7: YONO | D7: =12000000/12 -> 1000000 | E7: 2 / 5 | H7: =B12 -> 3523151403061490 | I7: SETYAWAN | J7: =12000000/12 -> 1000000
A8: 3 | B8: 3523151403061499 | C8: KARNADI | D8: =24000000/12 -> 2000000 | E8: 2 / 5 | H8: =B17 -> 3523151403060761 | I8: M. INDRA SAPUTRA | J8: =48000000/12 -> 4000000
A9: 4 | B9: 3523151403061502 | C9: SAKRUN | D9: 1500000 | E9: 2 / 5
A10: 5 | B10: 3523151403061500 | C10: MULYONO | D10: =6000000/12 -> 500000 | E10: 2 / 5
A11: 6 | B11: 3523151403061497 | C11: SUKARDI | D11: 800000 | E11: 2 / 5
A12: 7 | B12: 3523151403061490 | C12: WARJANI | D12: =6000000/12 -> 500000 | E12: 2/ 5
A13: 8 | B13: 3523151008120009 | C13: MOCHMMAD ISWANDI | D13: =12000000/12 -> 1000000 | E13: 2 / 5
A14: 9 | B14: 3523152110200008 | C14: RUJU ALIP | D14: =18000000/12 -> 1500000 | E14: 2 / 5
A15: 10 | B15: 3523151403060759 | C15: SUTARTI | D15: =12000000/12 -> 1000000 | E15: 2 / 5
A16: 11 | B16: 3523150508150003 | C16: DIDIK PURNOMO | D16: =12000000/12 -> 1000000 | E16: 2 / 5
A17: 12 | B17: 3523151403060761 | C17: GENDUT HARIYANTO | D17: =60000000/12 -> 5000000 | E17: 2 / 5
A18: 13 | B18: 3523152007120012 | C18: DHIQ PRIHADI | D18: =21600000/12 -> 1800000 | E18: 2 / 5
A19: 14 | B19: 3523152901190003 | C19: SUTARSIH | D19: =24000000/12 -> 2000000 | E19: 2 / 5
A20: 15 | B20: 3523151409180003 | C20: DWI PURWANTO | D20: =36000000/12 -> 3000000 | E20: 2 / 5
A21: 16 | B21: 3523151309090186 | C21: DEDY MUDHIATAMA | D21: =60000000/12 -> 5000000 | E21: 2 / 5
A22: 17 | B22: 3523151309090178 | C22: MAMPUANTO | D22: =12000000/12 -> 1000000 | E22: 2 / 5
A23: 18 | B23: 3523151503061503 | C23: ASTRO DJOYO WARAS | D23: 666000 | E23: 2 / 5
A24: 19 | B24: 3523151403061467 | C24: WARIYANTO | D24: =12000000/12 -> 1000000 | E24: 2 / 5
A25: 20 | B25: 3523150311160031 | C25: HENDRA PRAMANA TEGUH | D25: =24000000/12 -> 2000000 | E25: 2 / 5
A26: 21 | B26: 3523151309090126 | C26: MOH. MAHKIN NAUFAL | D26: =36000000/12 -> 3000000 | E26: 2 / 5
A27: 22 | B27: 3523151403060779 | C27: PATMI | D27: Tidak bekerja | E27: 2 / 5
A28: 23 | B28: 3523152111210007 | C28: ARIF SULISTIONO | D28: =12000000/12 -> 1000000 | E28: 2 / 5
A29: 24 | B29: 3523153112090187 | C29: SAMSI | D29: =24000000/12 -> 2000000 | E29: 2 / 5
A30: 25 | B30: 3523151403061463 | C30: MUNASIR | D30: 800000 | E30: 2 / 5
A31: 26 | B31: 3523151403060769 | C31: PUJI PRASTYO | D31: =36000000/12 -> 3000000 | E31: 2/ 5
A32: 27 | B32: 3523151005110001 | C32: PURWANTO | D32: =12000000/12 -> 1000000 | E32: 2 / 5
A33: 28 | B33: 3523151403060778 | C33: PANLIK | D33: =12000000/12 -> 1000000 | E33: 2 / 5
A34: 29 | B34: 3523151403061462 | C34: MARSILAN | D34: =12000000/12 -> 1000000 | E34: 2/ 5
A35: 30 | B35: 3523151303180005 | C35: MACTIUS RICKY L. | D35: =36000000/12 -> 3000000 | E35: 2 / 5
A36: 31 | B36: 3523151309090180 | C36: SUMIJAH | D36: Tidak bekerja | E36: 2 / 5
A37: 32 | B37: 3523151403061466 | C37: SUJONO | D37: 800000 | E37: 2 / 5
A38: 33 | B38: 3523151403061468 | C38: SUPRAPTO | D38: =18000000/12 -> 1500000 | E38: 2 / 5
A39: 34 | B39: 3523151403060780 | C39: SAMIDAH | D39: Tidak bekerja | E39: 2 / 5
A40: 35 | B40: 3523150209200001 | C40: NURHAMID | D40: =60000000/12 -> 5000000 | E40: 2 / 5
A41: 36 | B41: 3523153004190006 | C41: SUHARTONO | D41: =30000000/12 -> 2500000 | E41: 2 / 5
A42: 37 | B42: 3523151309090188 | C42: SUGIYONO | D42: =18000000/12 -> 1500000 | E42: 2/ 5
A43: 38 | B43: 3523152405190001 | C43: TRI ABDUL AZIZ | D43: =12000000/12 -> 1000000 | E43: 2 / 5
A44: 39 | B44: 3523151403060777 | C44: TOTOK PUJI WALUYO | D44: =48000000/12 -> 4000000 | E44: 2 / 5
A45: 40 | B45: 3523151309090177 | C45: DEBY TARUNA VIRGO | D45: =60000000/12 -> 5000000 | E45: 2 / 5
A46: 41 | B46: 3523151403060771 | C46: TITIK MUJIATI | D46: 800000 | E46: 2 / 5
A47: 42 | B47: 3523151309090182 | C47: DARMUJI | D47: =48000000/12 -> 4000000 | E47: 2 / 5
A48: 43 | B48: 3523151403060776 | C48: DASRIK | D48: =12000000/12 -> 1000000 | E48: 2 / 5
A49: 44 | B49: 3523152101140003 | C49: WITAWIK NINGSIH | D49: =6000000/12 -> 500000 | E49: 2/ 5
A50: 45 | B50: 3523152212160003 | C50: SARTI | D50: =12000000/12 -> 1000000 | E50: 2 / 5
A51: 46 | B51: 3523151403063105 | C51: SUMADI | D51: =25000000/12 -> 2083333.3 | E51: 2 / 5
A52: 47 | B52: 3523152207170003 | C52: SOEWITO | D52: =44400000/12 -> 3700000 | E52: 2 / 5
A53: 48 | B53: 3523151403060757 | C53: SUTARTO | D53: =5830000 -> 5830000 | E53: 2 / 5
A54: 49 | B54: 3523151403064641 | C54: TARMUJI | D54: =18000000/12 -> 1500000 | E54: 2 / 5
A55: 50 | B55: 3523151309090179 | C55: ADENAN | D55: 1600000 | E55: 2 / 5
A56: 51 | B56: 3523151309090183 | C56: JUNAEDI | D56: =48000000/12 -> 4000000 | E56: 2 / 5
A57: 52 | B57: 3523152310180005 | C57: MARSINAH | D57: =12000000/12 -> 1000000 | E57: 2 / 5
A58: 53 | B58: 3523151403060766 | C58: ANTON WAHYUDI | D58: =60000000/12 -> 5000000 | E58: 2 / 5
A59: 54 | B59: 3523151403060765 | C59: SAMAD | D59: =36000000/12 -> 3000000 | E59: 2 / 5
A60: 55 | B60: 3523151403060763 | C60: DARKUN | D60: =30000000/12 -> 2500000 | E60: 2 / 5
A61: 56 | B61: 3523151403060762 | C61: M. SUEB | D61: =24000000/12 -> 2000000 | E61: 2 / 5
A64: DAFTAR NO KK DESA SEMANDING RT 01 RW 05
A66: No | B66: No KK | C66: Nama Kepala Keluarga | D66: Penghasilan | E66: RT / RW
A67: 1 | B67: 3523122711140001 | C67: MOKH YUSUF | D67: 1500000 | E67: 01 / 05
A68: 2 | B68: =dataset!B6 -> 3523151708700001 | C68: =dataset!C6 -> MUHAMMAD ABIDIN | D68: 1500000 | E68: 01 / 05
A69: 3 | B69: =dataset!B7 -> 3523151403061494 | C69: =dataset!C7 -> MULYONO | D69: 1500000 | E69: 01 / 05
A70: 4 | B70: =dataset!B8 -> 3523150803680008 | C70: =dataset!C8 -> CAMPUN | D70: =dataset!E8 -> 3500000 | E70: 01 / 05
A71: 5 | B71: =dataset!B9 -> 3523152312110002 | C71: =dataset!C9 -> SUNTONO | D71: 1500000 | E71: 01 / 05
A72: 6 | B72: =dataset!B11 -> 3523153010120005 | C72: =dataset!C11 -> IWAN SUGIYANTO | D72: =dataset!E11 -> 3500000 | E72: 01 / 05
A73: 7 | B73: =dataset!B12 -> 3523151005780008 | C73: =dataset!C12 -> MUNIR MUSTAQIM | D73: =dataset!E12 -> 2000000 | E73: 01 / 05
A74: 8 | B74: =dataset!B13 -> 3523155002670004 | C74: =dataset!C13 -> KASMINI | D74: 1500000 | E74: 01 / 05
A75: 9 | B75: =dataset!B15 -> 3523151403061495 | C75: =dataset!C15 -> TARNO | D75: 1500000 | E75: 01 / 05
A76: 10 | B76: =dataset!B16 -> 3523151403061490 | C76: =dataset!C16 -> MURSID | D76: Tidak Bekerja | E76: 01 / 05
A77: 11 | B77: =dataset!B17 -> 3523151403061489 | C77: =dataset!C17 -> ABDUL MAJID | D77: 1500000 | E77: 01 / 05
A78: 12 | B78: =dataset!B18 -> 3523151210160002 | C78: =dataset!C18 -> SUGENG WAHONO | D78: =dataset!E18 -> 2000000 | E78: 01 / 05
A79: 13 | B79: =dataset!B19 -> 3523153012090392 | C79: =dataset!C19 -> TAMIN | D79: 1500000 | E79: 01 / 05
A80: 14 | B80: =dataset!B20 -> 3523153112090174 | C80: =dataset!C20 -> ABDUH NAHLIAN | D80: =dataset!E20 -> 2500000 | E80: 01 / 05
A81: 15 | B81: =dataset!B21 -> 3523151403061485 | C81: =dataset!C21 -> TARMUDJI | D81: 1500000 | E81: 01 / 05
A82: 16 | B82: =dataset!B22 -> 3523150305120003 | C82: =dataset!C22 -> SUWANTO | D82: 1500000 | E82: 01 / 05
A83: 17 | B83: =dataset!B23 -> 3523153112090228 | C83: =dataset!C23 -> KASIMO | D83: =dataset!E23 -> 1500000 | E83: 01 / 05
A84: 18 | B84: =dataset!B24 -> 3523152608190006 | C84: =dataset!C24 -> KASMINAH | D84: =dataset!E24 -> 1000000 | E84: 01 / 05
A85: 19 | B85: =dataset!B25 -> 3523150603820007 | C85: =dataset!C25 -> DIDIK PRIANTO | D85: =dataset!E25 -> 1500000 | E85: 01 / 05
A86: 20 | B86: =dataset!B26 -> 3523151403061487 | C86: =dataset!C26 -> DASMIATI | D86: Tidak Bekerja | E86: 01 / 05
A87: 21 | B87: =dataset!B27 -> 3523153112090184 | C87: =dataset!C27 -> IMAM KHOIRI | D87: =dataset!E27 -> 6000000 | E87: 01 / 05
A88: 22 | B88: =dataset!B28 -> 3523151403061482 | C88: =dataset!C28 -> IMAM TOKO | D88: 1500000 | E88: 01 / 05
A89: 23 | B89: =dataset!B29 -> 3523150212140009 | C89: =dataset!C29 -> TUTIK | D89: 2000000 | E89: 01 / 05
A90: 24 | B90: =dataset!B30 -> 3523151403061478 | C90: =dataset!C30 -> RAKIJAH | D90: =dataset!E30 -> Tidak bekerja | E90: 01 / 05
A91: 25 | B91: =dataset!B31 -> 3523151403061480 | C91: =dataset!C31 -> SARDI | D91: 1000000 | E91: 01 / 05
A92: 26 | B92: =dataset!B32 -> 3523150507190002 | C92: =dataset!C32 -> KASLIK | D92: 1500000 | E92: 01 / 05
A93: 27 | B93: =dataset!B33 -> 3523152906120007 | C93: =dataset!C33 -> TOTOK AGUSTARI | D93: 2000000 | E93: 01 / 05
A94: 28 | B94: =dataset!B34 -> 3523151403061479 | C94: =dataset!C34 -> WASIR | D94: 3000000 | E94: 01 / 05
A95: 29 | B95: =dataset!B35 -> 3523151403061477 | C95: =dataset!C35 -> SUDIRO | D95: Tidak Bekerja | E95: 01 / 05
A96: 30 | B96: =dataset!B36 -> 3523153112090244 | C96: =dataset!C36 -> SUYANTO | D96: =dataset!E36 -> 1500000 | E96: 01 / 05
A97: 31 | B97: =dataset!B37 -> 3523141108840001 | C97: =dataset!C37 -> SUWANDI | D97: =dataset!E37 -> 2000000 | E97: 01 / 05
A98: 32 | B98: =dataset!B38 -> 3523150107580287 | C98: =dataset!C38 -> LIK DJOYO | D98: Tidak Bekerja | E98: 01 / 05
A99: 33 | B99: =dataset!B39 -> 3523150202500002 | C99: =dataset!C39 -> KARMADI | D99: =dataset!E39 -> 2500000 | E99: 01 / 05
A100: 34 | B100: =dataset!B40 -> 3523150107510085 | C100: =dataset!C40 -> WIBOWO SLAMET | D100: Tidak Bekerja | E100: 01 / 05
A101: 35 | B101: =dataset!B41 -> 3523151604600002 | C101: =dataset!C41 -> WINARTO | D101: 1500000 | E101: 01 / 05
A102: 36 | B102: =dataset!B42 -> 3523152603110001 | C102: =dataset!C42 -> HADI | D102: 2000000 | E102: 01 / 05
A103: 37 | B103: =dataset!B43 -> 3523152212200001 | C103: =dataset!C43 -> NGATOLAN | D103: =dataset!E43 -> Tidak bekerja | E103: 01 / 05
A104: 38 | B104: =dataset!B44 -> 3523154107540103 | C104: =dataset!C44 -> KARSIYAH | D104: =dataset!E44 -> Tidak bekerja | E104: 01 / 05
A105: 39 | B105: =dataset!B45 -> 3523151403170009 | C105: =dataset!C45 -> KARDIYONO | D105: =dataset!E45 -> 1500000 | E105: 01 / 05
A106: 40 | B106: =dataset!B46 -> 3523151403061471 | C106: =dataset!C46 -> LILIK | D106: =dataset!E46 -> 2500000 | E106: 01 / 05

Sheet B.kriteria & R.kecocokan
A2: A. Rating Kecocokan kriteria dan Bobot
E3: NB : bobot dari kriteria tersebut diambil dari jurnal
A4: tabel jenis kriteria
A6: Kriteria | B6: Jenis Variabel | C6: Bobot
A7: =dataset!E5 -> Penghasilan | B7: Benefit | C7: 2
A8: =dataset!F5 -> Luas Rumah | B8: Benefit | C8: 1.5
A9: =dataset!G5 -> Status Kepemilikan Rumah | B9: Benefit | C9: 1
A10: =dataset!H5 -> Sumber Air | B10: Benefit | C10: 0.5
A11: =dataset!I5 -> ibu Hamil / menyusui | B11: Cost | C11: 0.5
A12: =dataset!J5 -> lansia | B12: Cost | C12: 0.5
A13: =dataset!L5 -> jenis dinding | B13: Benefit | C13: 1
A14: =dataset!M5 -> jenis lantai | B14: Benefit | C14: 1
A15: =dataset!K5 -> jumlah tanggungan (Anak) | B15: Cost | C15: 0.5
A16: (Sumber : Pratiwi dkk (2019))
A18: B. Tabel rating kecocokan kriteria
A20: Kriteria Penghasilan
A22: Kriteria | B22: Klasifikasi | C22: Nilai
A23: > 2.000.000 | B23: Banyak | C23: 2.5
A24: 1.500.000 - 2.000.000 | B24: Cukup | C24: 5
A25: 0 - 1.500.000 | B25: Sedikit | C25: 7.5
A26: (Sumber : Pratiwi dkk (2019))
A28: Kriteria luas Rumah
A30: Kriteria | B30: Klasifikasi | C30: Nilai
A31: > 500 m2 | B31: Sangat Rendah | C31: 1
A32: 201 - 500 m2 | B32: Rendah | C32: 2.5
A33: 101 - 200 m2 | B33: Sedang | C33: 5
A34: 51 - 100 m2 | B34: Tinggi | C34: 7.5
A35: 0 - 50 m2 | B35: Sangat Tinggi | C35: 10
A36: (Sumber : Pratiwi dkk (2019))
A38: kriteria Status Kepemilikan Rumah
A40: Kriteria | B40: Klasifikasi | C40: Nilai
A41: Milik Sendiri | B41: Rendah | C41: 2.5
A42: Sewa | B42: Sedang | C42: 5
A43: Menumpang | B43: Tinggi | C43: 7.5
A44: (Sumber : Pratiwi dkk (2019))
A46: Kriteria jenis dinding
A48: Kriteria | B48: Klasifikasi | C48: Nilai
A49: Tembok / Bata | B49: Rendah | C49: 2.5
A50: Papan / Kayu | B50: Sedang | C50: 5
A51: Papan / Bambu | B51: Tinggi | C51: 7.5
A52: (Sumber : Pratiwi dkk (2019))
A54: kriteria jenis lantai
A56: kriteria | B56: klasifikasi | C56: Nilai
A57: Keramik | B57: Rendah | C57: 2.5
A58: Semen | B58: Sedang | C58: 5
A59: Tanah | B59: Tinggi | C59: 7.5
A60: (Sumber : Pratiwi dkk (2019))
A62: kriteria jenis Atap
A64: Kriteria | B64: Klasifikasi | C64: Nilai
A65: Genteng | B65: Rendah | C65: 1
A66: Asbes / Seng | B66: Sedang | C66: 2
A67: Nipah | B67: Tinggi | C67: 3
A68: (Sumber: Murwanti, Tri(2019))
A69: kriteria sumber air
A71: Kriteria | B71: Klasifikasi | C71: Nilai
A72: PDAM | B72: Rendah | C72: 2.5
A73: Pompa air | B73: Sedang | C73: 5
A74: Sumur | B74: Tinggi | C74: 7.5
A75: (Sumber : Pratiwi dkk (2019))
A77: kriteria Lansia
A79: kriteria | B79: Klasifikasi | C79: Nilai
A80: Tidak Ada | B80: Rendah | C80: 2.5
A81: Ada | B81: Tinggi | C81: 7.5
A82: (Sumber : Pratiwi dkk (2019))
A84: Kriteria Jumlah Tanggungan Anak
A86: kriteria | B86: Klasifikasi | C86: Nilai
A87: > 5 | B87: Banyak | C87: 7.5
A88: 2 - 5 | B88: Sedang | C88: 5
A89: 1 | B89: Sedikit | C89: 2.5
A90: 0 | B90: Sangat Sedikit | C90: 1
A92: kriteria ibu hamil
A94: kriteria | B94: Klasifikasi | C94: Nilai
A95: Tidak Ada | B95: Rendah | C95: 2.5
A96: Ada | B96: Tinggi | C96: 7.5
A97: (Sumber : Pratiwi dkk (2019))

Sheet t data &hitung c4.5
A1: TRANSFORMASI DATA & SELEKSI DATA
A3: No. | B3: No KK | C3: Nama Kepala Keluarga | D3: RT / RW | E3: Penghasilan | F3: Luas Rumah | G3: Status Kepemilikan Rumah | H3: Sumber Air | I3: ibu Hamil / menyusui | J3: lansia | K3: jumlah tanggungan (Anak) | L3: jenis dinding | M3: jenis lantai | N3: jenis atap | O3: Keputusan | P3: Keputusan 2
A4: 1 | B4: 3523151708700001 | C4: MUHAMMAD ABIDIN | D4: 01 / 05 | E4: ='B.kriteria & R.kecocokan'!$B$24 -> Cukup | F4: ='B.kriteria & R.kecocokan'!$B$34 -> Tinggi | G4: ='B.kriteria & R.kecocokan'!$B$41 -> Rendah | H4: ='B.kriteria & R.kecocokan'!$B$72 -> Rendah | I4: ='B.kriteria & R.kecocokan'!$B$95 -> Rendah | J4: ='B.kriteria & R.kecocokan'!$B$80 -> Rendah | K4: ='B.kriteria & R.kecocokan'!$B$89 -> Sedikit | L4: ='B.kriteria & R.kecocokan'!$B$49 -> Rendah | M4: ='B.kriteria & R.kecocokan'!$B$57 -> Rendah | N4: ='B.kriteria & R.kecocokan'!$B$65 -> Rendah | O4: Tidak
A5: 2 | B5: 3523151403061494 | C5: MULYONO | D5: 01 / 05 | E5: ='B.kriteria & R.kecocokan'!$B$24 -> Cukup | F5: ='B.kriteria & R.kecocokan'!$B$34 -> Tinggi | G5: ='B.kriteria & R.kecocokan'!$B$41 -> Rendah | H5: ='B.kriteria & R.kecocokan'!$B$72 -> Rendah | I5: ='B.kriteria & R.kecocokan'!$B$95 -> Rendah | J5: ='B.kriteria & R.kecocokan'!$B$81 -> Tinggi | K5: ='B.kriteria & R.kecocokan'!$B$90 -> Sangat Sedikit | L5: ='B.kriteria & R.kecocokan'!$B$49 -> Rendah | M5: ='B.kriteria & R.kecocokan'!$B$57 -> Rendah | N5: ='B.kriteria & R.kecocokan'!$B$65 -> Rendah | O5: Tidak
A6: 3 | B6: 3523150803680008 | C6: CAMPUN | D6: 01 / 05 | E6: ='B.kriteria & R.kecocokan'!$B$23 -> Banyak | F6: ='B.kriteria & R.kecocokan'!$B$34 -> Tinggi | G6: ='B.kriteria & R.kecocokan'!$B$41 -> Rendah | H6: ='B.kriteria & R.kecocokan'!$B$72 -> Rendah | I6: ='B.kriteria & R.kecocokan'!$B$95 -> Rendah | J6: ='B.kriteria & R.kecocokan'!$B$80 -> Rendah | K6: ='B.kriteria & R.kecocokan'!$B$90 -> Sangat Sedikit | L6: ='B.kriteria & R.kecocokan'!$B$49 -> Rendah | M6: ='B.kriteria & R.kecocokan'!$B$57 -> Rendah | N6: ='B.kriteria & R.kecocokan'!$B$65 -> Rendah | O6: Tidak
A7: 4 | B7: 3523152312110002 | C7: SUNTONO | D7: 01 / 05 | E7: ='B.kriteria & R.kecocokan'!$B$24 -> Cukup | F7: ='B.kriteria & R.kecocokan'!$B$34 -> Tinggi | G7: ='B.kriteria & R.kecocokan'!$B$41 -> Rendah | H7: ='B.kriteria & R.kecocokan'!$B$72 -> Rendah | I7: ='B.kriteria & R.kecocokan'!$B$95 -> Rendah | J7: ='B.kriteria & R.kecocokan'!$B$80 -> Rendah | K7: ='B.kriteria & R.kecocokan'!$B$89 -> Sedikit | L7: ='B.kriteria & R.kecocokan'!$B$49 -> Rendah | M7: ='B.kriteria & R.kecocokan'!$B$57 -> Rendah | N7: ='B.kriteria & R.kecocokan'!$B$65 -> Rendah | O7: Tidak
A8: 5 | B8: =Penghasilan!B19 -> 3523152901190003 | C8: DEDDY MUDHIATAMA | D8: 02 / 05 | E8: ='B.kriteria & R.kecocokan'!$B$24 -> Cukup | F8: ='B.kriteria & R.kecocokan'!$B$34 -> Tinggi | G8: ='B.kriteria & R.kecocokan'!$B$41 -> Rendah | H8: ='B.kriteria & R.kecocokan'!$B$72 -> Rendah | I8: ='B.kriteria & R.kecocokan'!$B$95 -> Rendah | J8: ='B.kriteria & R.kecocokan'!$B$80 -> Rendah | K8: ='B.kriteria & R.kecocokan'!$B$88 -> Sedang | L8: ='B.kriteria & R.kecocokan'!$B$49 -> Rendah | M8: ='B.kriteria & R.kecocokan'!$B$57 -> Rendah | N8: ='B.kriteria & R.kecocokan'!$B$65 -> Rendah | O8: Tidak
A9: 6 | B9: 3523153010120005 | C9: IWAN SUGIYANTO | D9: 01 / 05 | E9: ='B.kriteria & R.kecocokan'!$B$23 -> Banyak | F9: ='B.kriteria & R.kecocokan'!$B$34 -> Tinggi | G9: ='B.kriteria & R.kecocokan'!$B$41 -> Rendah | H9: ='B.kriteria & R.kecocokan'!$B$72 -> Rendah | I9: ='B.kriteria & R.kecocokan'!$B$95 -> Rendah | J9: ='B.kriteria & R.kecocokan'!$B$80 -> Rendah | K9: ='B.kriteria & R.kecocokan'!$B$89 -> Sedikit | L9: ='B.kriteria & R.kecocokan'!$B$49 -> Rendah | M9: ='B.kriteria & R.kecocokan'!$B$57 -> Rendah | N9: ='B.kriteria & R.kecocokan'!$B$65 -> Rendah | O9: Tidak
A10: 7 | B10: 3523151005780008 | C10: MUNIR MUSTAQIM | D10: 01 / 05 | E10: ='B.kriteria & R.kecocokan'!$B$23 -> Banyak | F10: ='B.kriteria & R.kecocokan'!$B$34 -> Tinggi | G10: ='B.kriteria & R.kecocokan'!$B$41 -> Rendah | H10: ='B.kriteria & R.kecocokan'!$B$72 -> Rendah | I10: ='B.kriteria & R.kecocokan'!$B$95 -> Rendah | J10: ='B.kriteria & R.kecocokan'!$B$81 -> Tinggi | K10: ='B.kriteria & R.kecocokan'!$B$88 -> Sedang | L10: ='B.kriteria & R.kecocokan'!$B$49 -> Rendah | M10: ='B.kriteria & R.kecocokan'!$B$57 -> Rendah | N10: ='B.kriteria & R.kecocokan'!$B$65 -> Rendah | O10: Tidak
A11: 8 | B11: 3523155002670004 | C11: KASMINI | D11: 01 / 05 | E11: ='B.kriteria & R.kecocokan'!$B$24 -> Cukup | F11: ='B.kriteria & R.kecocokan'!$B$34 -> Tinggi | G11: ='B.kriteria & R.kecocokan'!$B$41 -> Rendah | H11: ='B.kriteria & R.kecocokan'!$B$72 -> Rendah | I11: ='B.kriteria & R.kecocokan'!$B$95 -> Rendah | J11: ='B.kriteria & R.kecocokan'!$B$80 -> Rendah | K11: ='B.kriteria & R.kecocokan'!$B$89 -> Sedikit | L11: ='B.kriteria & R.kecocokan'!$B$49 -> Rendah | M11: ='B.kriteria & R.kecocokan'!$B$57 -> Rendah | N11: ='B.kriteria & R.kecocokan'!$B$65 -> Rendah | O11: Tidak
A12: 9 | B12: =Penghasilan!B67 -> 3523122711140001 | C12: MOKH YUSUF | D12: 01 / 05 | E12: ='B.kriteria & R.kecocokan'!$B$24 -> Cukup | F12: ='B.kriteria & R.kecocokan'!$B$34 -> Tinggi | G12: ='B.kriteria & R.kecocokan'!B43 -> Tinggi | H12: ='B.kriteria & R.kecocokan'!$B$72 -> Rendah | I12: ='B.kriteria & R.kecocokan'!$B$95 -> Rendah | J12: ='B.kriteria & R.kecocokan'!$B$80 -> Rendah | K12: ='B.kriteria & R.kecocokan'!$B$88 -> Sedang | L12: ='B.kriteria & R.kecocokan'!$B$49 -> Rendah | M12: ='B.kriteria & R.kecocokan'!$B$57 -> Rendah | N12: ='B.kriteria & R.kecocokan'!$B$65 -> Rendah | O12: Tidak
A13: 10 | B13: 3523151403061495 | C13: TARNO | D13: 01 / 05 | E13: ='B.kriteria & R.kecocokan'!$B$24 -> Cukup | F13: ='B.kriteria & R.kecocokan'!$B$34 -> Tinggi | G13: ='B.kriteria & R.kecocokan'!$B$41 -> Rendah | H13: ='B.kriteria & R.kecocokan'!$B$72 -> Rendah | I13: ='B.kriteria & R.kecocokan'!$B$95 -> Rendah | J13: ='B.kriteria & R.kecocokan'!$B$81 -> Tinggi | K13: ='B.kriteria & R.kecocokan'!$B$90 -> Sangat Sedikit | L13: ='B.kriteria & R.kecocokan'!$B$49 -> Rendah | M13: ='B.kriteria & R.kecocokan'!$B$57 -> Rendah | N13: ='B.kriteria & R.kecocokan'!$B$65 -> Rendah | O13: Layak
A14: 11 | B14: 3523151403061490 | C14: MURSID | D14: 01 / 05 | E14: ='B.kriteria & R.kecocokan'!$B$25 -> Sedikit | F14: ='B.kriteria & R.kecocokan'!$B$34 -> Tinggi | G14: ='B.kriteria & R.kecocokan'!$B$41 -> Rendah | H14: ='B.kriteria & R.kecocokan'!$B$72 -> Rendah | I14: ='B.kriteria & R.kecocokan'!$B$95 -> Rendah | J14: ='B.kriteria & R.kecocokan'!$B$81 -> Tinggi | K14: ='B.kriteria & R.kecocokan'!$B$90 -> Sangat Sedikit | L14: ='B.kriteria & R.kecocokan'!$B$50 -> Sedang | M14: ='B.kriteria & R.kecocokan'!$B$58 -> Sedang | N14: ='B.kriteria & R.kecocokan'!$B$66 -> Sedang | O14: Layak
A15: 12 | B15: 3523151403061489 | C15: ABDUL MAJID | D15: 01 / 05 | E15: ='B.kriteria & R.kecocokan'!$B$24 -> Cukup | F15: ='B.kriteria & R.kecocokan'!$B$34 -> Tinggi | G15: ='B.kriteria & R.kecocokan'!$B$41 -> Rendah | H15: ='B.kriteria & R.kecocokan'!$B$72 -> Rendah | I15: ='B.kriteria & R.kecocokan'!$B$95 -> Rendah | J15: ='B.kriteria & R.kecocokan'!$B$81 -> Tinggi | K15: ='B.kriteria & R.kecocokan'!$B$90 -> Sangat Sedikit | L15: ='B.kriteria & R.kecocokan'!$B$49 -> Rendah | M15: ='B.kriteria & R.kecocokan'!$B$57 -> Rendah | N15: ='B.kriteria & R.kecocokan'!$B$65 -> Rendah | O15: Tidak
A16: 13 | B16: 3523151210160002 | C16: SUGENG WAHONO | D16: 01 / 05 | E16: ='B.kriteria & R.kecocokan'!$B$24 -> Cukup | F16: ='B.kriteria & R.kecocokan'!$B$34 -> Tinggi | G16: ='B.kriteria & R.kecocokan'!$B$43 -> Tinggi | H16: ='B.kriteria & R.kecocokan'!$B$72 -> Rendah | I16: ='B.kriteria & R.kecocokan'!$B$95 -> Rendah | J16: ='B.kriteria & R.kecocokan'!$B$80 -> Rendah | K16: ='B.kriteria & R.kecocokan'!$B$88 -> Sedang | L16: ='B.kriteria & R.kecocokan'!$B$49 -> Rendah | M16: ='B.kriteria & R.kecocokan'!$B$57 -> Rendah | N16: ='B.kriteria & R.kecocokan'!$B$65 -> Rendah | O16: Tidak
A17: 14 | B17: 3523153012090392 | C17: TAMIN | D17: 01 / 05 | E17: ='B.kriteria & R.kecocokan'!$B$24 -> Cukup | F17: ='B.kriteria & R.kecocokan'!$B$35 -> Sangat Tinggi | G17: ='B.kriteria & R.kecocokan'!$B$41 -> Rendah | H17: ='B.kriteria & R.kecocokan'!$B$72 -> Rendah | I17: ='B.kriteria & R.kecocokan'!$B$95 -> Rendah | J17: ='B.kriteria & R.kecocokan'!$B$80 -> Rendah | K17: ='B.kriteria & R.kecocokan'!$B$89 -> Sedikit | L17: ='B.kriteria & R.kecocokan'!$B$49 -> Rendah | M17: ='B.kriteria & R.kecocokan'!$B$58 -> Sedang | N17: ='B.kriteria & R.kecocokan'!$B$65 -> Rendah | O17: Tidak
A18: 15 | B18: 3523153112090174 | C18: ABDUH NAHLIAN | D18: 01 / 05 | E18: ='B.kriteria & R.kecocokan'!$B$23 -> Banyak | F18: ='B.kriteria & R.kecocokan'!$B$35 -> Sangat Tinggi | G18: ='B.kriteria & R.kecocokan'!$B$41 -> Rendah | H18: ='B.kriteria & R.kecocokan'!$B$72 -> Rendah | I18: ='B.kriteria & R.kecocokan'!$B$95 -> Rendah | J18: ='B.kriteria & R.kecocokan'!$B$80 -> Rendah | K18: ='B.kriteria & R.kecocokan'!$B$88 -> Sedang | L18: ='B.kriteria & R.kecocokan'!$B$49 -> Rendah | M18: ='B.kriteria & R.kecocokan'!$B$57 -> Rendah | N18: ='B.kriteria & R.kecocokan'!$B$65 -> Rendah | O18: Tidak
A19: 16 | B19: 3523151403061485 | C19: TARMUDJI | D19: 01 / 05 | E19: ='B.kriteria & R.kecocokan'!$B$24 -> Cukup | F19: ='B.kriteria & R.kecocokan'!$B$34 -> Tinggi | G19: ='B.kriteria & R.kecocokan'!$B$41 -> Rendah | H19: ='B.kriteria & R.kecocokan'!$B$72 -> Rendah | I19: ='B.kriteria & R.kecocokan'!$B$95 -> Rendah | J19: ='B.kriteria & R.kecocokan'!$B$81 -> Tinggi | K19: ='B.kriteria & R.kecocokan'!$B$90 -> Sangat Sedikit | L19: ='B.kriteria & R.kecocokan'!$B$49 -> Rendah | M19: ='B.kriteria & R.kecocokan'!$B$57 -> Rendah | N19: ='B.kriteria & R.kecocokan'!$B$65 -> Rendah | O19: Tidak
A20: 17 | B20: 3523150305120003 | C20: SUWANTO | D20: 01 / 05 | E20: ='B.kriteria & R.kecocokan'!$B$24 -> Cukup | F20: ='B.kriteria & R.kecocokan'!$B$35 -> Sangat Tinggi | G20: ='B.kriteria & R.kecocokan'!$B$41 -> Rendah | H20: ='B.kriteria & R.kecocokan'!$B$72 -> Rendah | I20: ='B.kriteria & R.kecocokan'!$B$95 -> Rendah | J20: ='B.kriteria & R.kecocokan'!$B$80 -> Rendah | K20: ='B.kriteria & R.kecocokan'!$B$88 -> Sedang | L20: ='B.kriteria & R.kecocokan'!$B$51 -> Tinggi | M20: ='B.kriteria & R.kecocokan'!$B$58 -> Sedang | N20: ='B.kriteria & R.kecocokan'!$B$65 -> Rendah | O20: Layak
A21: 18 | B21: 3523153112090228 | C21: KASIMO | D21: 01 / 05 | E21: ='B.kriteria & R.kecocokan'!$B$24 -> Cukup | F21: ='B.kriteria & R.kecocokan'!$B$35 -> Sangat Tinggi | G21: ='B.kriteria & R.kecocokan'!$B$41 -> Rendah | H21: ='B.kriteria & R.kecocokan'!$B$72 -> Rendah | I21: ='B.kriteria & R.kecocokan'!$B$95 -> Rendah | J21: ='B.kriteria & R.kecocokan'!$B$80 -> Rendah | K21: ='B.kriteria & R.kecocokan'!$B$88 -> Sedang | L21: ='B.kriteria & R.kecocokan'!$B$50 -> Sedang | M21: ='B.kriteria & R.kecocokan'!$B$58 -> Sedang | N21: ='B.kriteria & R.kecocokan'!$B$65 -> Rendah | O21: Layak
A22: 19 | B22: 3523152608190006 | C22: KASMINAH | D22: 01 / 05 | E22: ='B.kriteria & R.kecocokan'!$B$25 -> Sedikit | F22: ='B.kriteria & R.kecocokan'!$B$34 -> Tinggi | G22: ='B.kriteria & R.kecocokan'!$B$41 -> Rendah | H22: ='B.kriteria & R.kecocokan'!$B$72 -> Rendah | I22: ='B.kriteria & R.kecocokan'!$B$95 -> Rendah | J22: ='B.kriteria & R.kecocokan'!$B$81 -> Tinggi | K22: ='B.kriteria & R.kecocokan'!$B$90 -> Sangat Sedikit | L22: ='B.kriteria & R.kecocokan'!$B$49 -> Rendah | M22: ='B.kriteria & R.kecocokan'!$B$58 -> Sedang | N22: ='B.kriteria & R.kecocokan'!$B$65 -> Rendah | O22: Layak
A23: 20 | B23: 3523150603820007 | C23: DIDIK PRIANTO | D23: 01 / 05 | E23: ='B.kriteria & R.kecocokan'!$B$24 -> Cukup | F23: ='B.kriteria & R.kecocokan'!$B$34 -> Tinggi | G23: ='B.kriteria & R.kecocokan'!$B$41 -> Rendah | H23: ='B.kriteria & R.kecocokan'!$B$72 -> Rendah | I23: ='B.kriteria & R.kecocokan'!$B$95 -> Rendah | J23: ='B.kriteria & R.kecocokan'!$B$80 -> Rendah | K23: ='B.kriteria & R.kecocokan'!$B$89 -> Sedikit | L23: ='B.kriteria & R.kecocokan'!$B$49 -> Rendah | M23: ='B.kriteria & R.kecocokan'!$B$58 -> Sedang | N23: ='B.kriteria & R.kecocokan'!$B$65 -> Rendah | O23: Tidak
A24: 21 | B24: 3523151403061487 | C24: DASMIATI | D24: 01 / 05 | E24: ='B.kriteria & R.kecocokan'!$B$25 -> Sedikit | F24: ='B.kriteria & R.kecocokan'!$B$35 -> Sangat Tinggi | G24: ='B.kriteria & R.kecocokan'!$B$41 -> Rendah | H24: ='B.kriteria & R.kecocokan'!$B$72 -> Rendah | I24: ='B.kriteria & R.kecocokan'!$B$95 -> Rendah | J24: ='B.kriteria & R.kecocokan'!$B$81 -> Tinggi | K24: ='B.kriteria & R.kecocokan'!$B$90 -> Sangat Sedikit | L24: ='B.kriteria & R.kecocokan'!$B$49 -> Rendah | M24: ='B.kriteria & R.kecocokan'!$B$58 -> Sedang | N24: ='B.kriteria & R.kecocokan'!$B$65 -> Rendah | O24: Layak
A25: 22 | B25: 3523153112090184 | C25: IMAM KHOIRI | D25: 01 / 05 | E25: ='B.kriteria & R.kecocokan'!$B$23 -> Banyak | F25: ='B.kriteria & R.kecocokan'!$B$34 -> Tinggi | G25: ='B.kriteria & R.kecocokan'!$B$41 -> Rendah | H25: ='B.kriteria & R.kecocokan'!$B$72 -> Rendah | I25: ='B.kriteria & R.kecocokan'!$B$95 -> Rendah | J25: ='B.kriteria & R.kecocokan'!$B$80 -> Rendah | K25: ='B.kriteria & R.kecocokan'!$B$88 -> Sedang | L25: ='B.kriteria & R.kecocokan'!$B$49 -> Rendah | M25: ='B.kriteria & R.kecocokan'!$B$57 -> Rendah | N25: ='B.kriteria & R.kecocokan'!$B$65 -> Rendah | O25: Tidak
A26: 23 | B26: 3523151403061482 | C26: IMAM TOKO | D26: 01 / 05 | E26: ='B.kriteria & R.kecocokan'!$B$24 -> Cukup | F26: ='B.kriteria & R.kecocokan'!$B$34 -> Tinggi | G26: ='B.kriteria & R.kecocokan'!$B$41 -> Rendah | H26: ='B.kriteria & R.kecocokan'!$B$72 -> Rendah | I26: ='B.kriteria & R.kecocokan'!$B$95 -> Rendah | J26: ='B.kriteria & R.kecocokan'!$B$80 -> Rendah | K26: ='B.kriteria & R.kecocokan'!$B$88 -> Sedang | L26: ='B.kriteria & R.kecocokan'!$B$49 -> Rendah | M26: ='B.kriteria & R.kecocokan'!$B$57 -> Rendah | N26: ='B.kriteria & R.kecocokan'!$B$65 -> Rendah | O26: Tidak
A27: 24 | B27: 3523150212140009 | C27: TUTIK | D27: 01 / 05 | E27: ='B.kriteria & R.kecocokan'!$B$24 -> Cukup | F27: ='B.kriteria & R.kecocokan'!$B$35 -> Sangat Tinggi | G27: ='B.kriteria & R.kecocokan'!$B$41 -> Rendah | H27: ='B.kriteria & R.kecocokan'!$B$72 -> Rendah | I27: ='B.kriteria & R.kecocokan'!$B$95 -> Rendah | J27: ='B.kriteria & R.kecocokan'!$B$80 -> Rendah | K27: ='B.kriteria & R.kecocokan'!$B$88 -> Sedang | L27: ='B.kriteria & R.kecocokan'!$B$49 -> Rendah | M27: ='B.kriteria & R.kecocokan'!$B$57 -> Rendah | N27: ='B.kriteria & R.kecocokan'!$B$65 -> Rendah | O27: Tidak
A28: 25 | B28: 3523151403061478 | C28: RAKIJAH | D28: 01 / 05 | E28: ='B.kriteria & R.kecocokan'!$B$25 -> Sedikit | F28: ='B.kriteria & R.kecocokan'!$B$35 -> Sangat Tinggi | G28: ='B.kriteria & R.kecocokan'!$B$41 -> Rendah | H28: ='B.kriteria & R.kecocokan'!$B$72 -> Rendah | I28: ='B.kriteria & R.kecocokan'!$B$95 -> Rendah | J28: ='B.kriteria & R.kecocokan'!$B$81 -> Tinggi | K28: ='B.kriteria & R.kecocokan'!$B$90 -> Sangat Sedikit | L28: ='B.kriteria & R.kecocokan'!$B$49 -> Rendah | M28: ='B.kriteria & R.kecocokan'!$B$58 -> Sedang | N28: ='B.kriteria & R.kecocokan'!$B$65 -> Rendah | O28: Layak
A29: 26 | B29: 3523151403061480 | C29: SARDI | D29: 01 / 05 | E29: ='B.kriteria & R.kecocokan'!$B$25 -> Sedikit | F29: ='B.kriteria & R.kecocokan'!$B$34 -> Tinggi | G29: ='B.kriteria & R.kecocokan'!$B$41 -> Rendah | H29: ='B.kriteria & R.kecocokan'!$B$72 -> Rendah | I29: ='B.kriteria & R.kecocokan'!$B$95 -> Rendah | J29: ='B.kriteria & R.kecocokan'!$B$81 -> Tinggi | K29: ='B.kriteria & R.kecocokan'!$B$90 -> Sangat Sedikit | L29: ='B.kriteria & R.kecocokan'!$B$49 -> Rendah | M29: ='B.kriteria & R.kecocokan'!$B$57 -> Rendah | N29: ='B.kriteria & R.kecocokan'!$B$65 -> Rendah | O29: Tidak
A30: 27 | B30: 3523150507190002 | C30: KASLIK | D30: 01 / 05 | E30: ='B.kriteria & R.kecocokan'!$B$24 -> Cukup | F30: ='B.kriteria & R.kecocokan'!$B$34 -> Tinggi | G30: ='B.kriteria & R.kecocokan'!$B$43 -> Tinggi | H30: ='B.kriteria & R.kecocokan'!$B$72 -> Rendah | I30: ='B.kriteria & R.kecocokan'!$B$95 -> Rendah | J30: ='B.kriteria & R.kecocokan'!$B$80 -> Rendah | K30: ='B.kriteria & R.kecocokan'!$B$88 -> Sedang | L30: ='B.kriteria & R.kecocokan'!$B$49 -> Rendah | M30: ='B.kriteria & R.kecocokan'!$B$57 -> Rendah | N30: ='B.kriteria & R.kecocokan'!$B$65 -> Rendah | O30: Tidak
A31: 28 | B31: 3523152906120007 | C31: TOTOK AGUSTARI | D31: 01 / 05 | E31: ='B.kriteria & R.kecocokan'!$B$24 -> Cukup | F31: ='B.kriteria & R.kecocokan'!$B$34 -> Tinggi | G31: ='B.kriteria & R.kecocokan'!$B$41 -> Rendah | H31: ='B.kriteria & R.kecocokan'!$B$72 -> Rendah | I31: ='B.kriteria & R.kecocokan'!$B$95 -> Rendah | J31: ='B.kriteria & R.kecocokan'!$B$80 -> Rendah | K31: ='B.kriteria & R.kecocokan'!$B$89 -> Sedikit | L31: ='B.kriteria & R.kecocokan'!$B$49 -> Rendah | M31: ='B.kriteria & R.kecocokan'!$B$58 -> Sedang | N31: ='B.kriteria & R.kecocokan'!$B$65 -> Rendah | O31: Tidak
A32: 29 | B32: 3523151403061479 | C32: WASIR | D32: 01 / 05 | E32: ='B.kriteria & R.kecocokan'!$B$23 -> Banyak | F32: ='B.kriteria & R.kecocokan'!$B$35 -> Sangat Tinggi | G32: ='B.kriteria & R.kecocokan'!$B$41 -> Rendah | H32: ='B.kriteria & R.kecocokan'!$B$72 -> Rendah | I32: ='B.kriteria & R.kecocokan'!$B$95 -> Rendah | J32: ='B.kriteria & R.kecocokan'!$B$80 -> Rendah | K32: ='B.kriteria & R.kecocokan'!$B$90 -> Sangat Sedikit | L32: ='B.kriteria & R.kecocokan'!$B$49 -> Rendah | M32: ='B.kriteria & R.kecocokan'!$B$57 -> Rendah | N32: ='B.kriteria & R.kecocokan'!$B$65 -> Rendah | O32: Tidak
A33: 30 | B33: 3523151403061477 | C33: SUDIRO | D33: 01 / 05 | E33: ='B.kriteria & R.kecocokan'!$B$25 -> Sedikit | F33: ='B.kriteria & R.kecocokan'!$B$35 -> Sangat Tinggi | G33: ='B.kriteria & R.kecocokan'!$B$41 -> Rendah | H33: ='B.kriteria & R.kecocokan'!$B$72 -> Rendah | I33: ='B.kriteria & R.kecocokan'!$B$95 -> Rendah | J33: ='B.kriteria & R.kecocokan'!$B$81 -> Tinggi | K33: ='B.kriteria & R.kecocokan'!$B$88 -> Sedang | L33: ='B.kriteria & R.kecocokan'!$B$51 -> Tinggi | M33: ='B.kriteria & R.kecocokan'!$B$59 -> Tinggi | N33: ='B.kriteria & R.kecocokan'!$B$65 -> Rendah | O33: Layak
A34: 31 | B34: 3523153112090244 | C34: SUYANTO | D34: 01 / 05 | E34: ='B.kriteria & R.kecocokan'!$B$24 -> Cukup | F34: ='B.kriteria & R.kecocokan'!$B$35 -> Sangat Tinggi | G34: ='B.kriteria & R.kecocokan'!$B$41 -> Rendah | H34: ='B.kriteria & R.kecocokan'!$B$72 -> Rendah | I34: ='B.kriteria & R.kecocokan'!$B$95 -> Rendah | J34: ='B.kriteria & R.kecocokan'!$B$80 -> Rendah | K34: ='B.kriteria & R.kecocokan'!$B$89 -> Sedikit | L34: ='B.kriteria & R.kecocokan'!$B$49 -> Rendah | M34: ='B.kriteria & R.kecocokan'!$B$58 -> Sedang | N34: ='B.kriteria & R.kecocokan'!$B$65 -> Rendah | O34: Layak
A35: 32 | B35: 3523141108840001 | C35: SUWANDI | D35: 01 / 05 | E35: ='B.kriteria & R.kecocokan'!$B$24 -> Cukup | F35: ='B.kriteria & R.kecocokan'!$B$34 -> Tinggi | G35: ='B.kriteria & R.kecocokan'!$B$41 -> Rendah | H35: ='B.kriteria & R.kecocokan'!$B$72 -> Rendah | I35: ='B.kriteria & R.kecocokan'!$B$95 -> Rendah | J35: ='B.kriteria & R.kecocokan'!$B$80 -> Rendah | K35: ='B.kriteria & R.kecocokan'!$B$88 -> Sedang | L35: ='B.kriteria & R.kecocokan'!$B$49 -> Rendah | M35: ='B.kriteria & R.kecocokan'!$B$57 -> Rendah | N35: ='B.kriteria & R.kecocokan'!$B$65 -> Rendah | O35: Tidak
A36: 33 | B36: 3523150107580287 | C36: LIK DJOYO | D36: 01 / 05 | E36: ='B.kriteria & R.kecocokan'!$B$25 -> Sedikit | F36: ='B.kriteria & R.kecocokan'!$B$34 -> Tinggi | G36: ='B.kriteria & R.kecocokan'!$B$43 -> Tinggi | H36: ='B.kriteria & R.kecocokan'!$B$72 -> Rendah | I36: ='B.kriteria & R.kecocokan'!$B$95 -> Rendah | J36: ='B.kriteria & R.kecocokan'!$B$81 -> Tinggi | K36: ='B.kriteria & R.kecocokan'!$B$90 -> Sangat Sedikit | L36: ='B.kriteria & R.kecocokan'!$B$49 -> Rendah | M36: ='B.kriteria & R.kecocokan'!$B$57 -> Rendah | N36: ='B.kriteria & R.kecocokan'!$B$65 -> Rendah | O36: Tidak
A37: 34 | B37: 3523150202500002 | C37: KARMADI | D37: 01 / 05 | E37: ='B.kriteria & R.kecocokan'!$B$23 -> Banyak | F37: ='B.kriteria & R.kecocokan'!$B$34 -> Tinggi | G37: ='B.kriteria & R.kecocokan'!$B$41 -> Rendah | H37: ='B.kriteria & R.kecocokan'!$B$72 -> Rendah | I37: ='B.kriteria & R.kecocokan'!$B$95 -> Rendah | J37: ='B.kriteria & R.kecocokan'!$B$81 -> Tinggi | K37: ='B.kriteria & R.kecocokan'!$B$90 -> Sangat Sedikit | L37: ='B.kriteria & R.kecocokan'!$B$49 -> Rendah | M37: ='B.kriteria & R.kecocokan'!$B$57 -> Rendah | N37: ='B.kriteria & R.kecocokan'!$B$65 -> Rendah | O37: Tidak
A38: 35 | B38: 3523150107510085 | C38: WIBOWO SLAMET | D38: 01 / 05 | E38: ='B.kriteria & R.kecocokan'!$B$25 -> Sedikit | F38: ='B.kriteria & R.kecocokan'!$B$34 -> Tinggi | G38: ='B.kriteria & R.kecocokan'!$B$41 -> Rendah | H38: ='B.kriteria & R.kecocokan'!$B$74 -> Tinggi | I38: ='B.kriteria & R.kecocokan'!$B$95 -> Rendah | J38: ='B.kriteria & R.kecocokan'!$B$81 -> Tinggi | K38: ='B.kriteria & R.kecocokan'!$B$90 -> Sangat Sedikit | L38: ='B.kriteria & R.kecocokan'!$B$50 -> Sedang | M38: ='B.kriteria & R.kecocokan'!$B$59 -> Tinggi | N38: ='B.kriteria & R.kecocokan'!$B$65 -> Rendah | O38: Layak
A39: 36 | B39: 3523151604600002 | C39: WINARTO | D39: 01 / 05 | E39: ='B.kriteria & R.kecocokan'!$B$24 -> Cukup | F39: ='B.kriteria & R.kecocokan'!$B$34 -> Tinggi | G39: ='B.kriteria & R.kecocokan'!$B$41 -> Rendah | H39: ='B.kriteria & R.kecocokan'!$B$72 -> Rendah | I39: ='B.kriteria & R.kecocokan'!$B$95 -> Rendah | J39: ='B.kriteria & R.kecocokan'!$B$80 -> Rendah | K39: ='B.kriteria & R.kecocokan'!$B$90 -> Sangat Sedikit | L39: ='B.kriteria & R.kecocokan'!$B$49 -> Rendah | M39: ='B.kriteria & R.kecocokan'!$B$57 -> Rendah | N39: ='B.kriteria & R.kecocokan'!$B$65 -> Rendah | O39: Tidak
A40: 37 | B40: 3523152603110001 | C40: HADI | D40: 01 / 05 | E40: ='B.kriteria & R.kecocokan'!$B$24 -> Cukup | F40: ='B.kriteria & R.kecocokan'!$B$34 -> Tinggi | G40: ='B.kriteria & R.kecocokan'!$B$41 -> Rendah | H40: ='B.kriteria & R.kecocokan'!$B$72 -> Rendah | I40: ='B.kriteria & R.kecocokan'!$B$95 -> Rendah | J40: ='B.kriteria & R.kecocokan'!$B$80 -> Rendah | K40: ='B.kriteria & R.kecocokan'!$B$88 -> Sedang | L40: ='B.kriteria & R.kecocokan'!$B$49 -> Rendah | M40: ='B.kriteria & R.kecocokan'!$B$57 -> Rendah | N40: ='B.kriteria & R.kecocokan'!$B$65 -> Rendah | O40: Tidak
A41: 38 | B41: 3523152212200001 | C41: NGATOLAN | D41: 01 / 05 | E41: ='B.kriteria & R.kecocokan'!$B$25 -> Sedikit | F41: ='B.kriteria & R.kecocokan'!$B$34 -> Tinggi | G41: ='B.kriteria & R.kecocokan'!$B$43 -> Tinggi | H41: ='B.kriteria & R.kecocokan'!$B$72 -> Rendah | I41: ='B.kriteria & R.kecocokan'!$B$95 -> Rendah | J41: ='B.kriteria & R.kecocokan'!$B$81 -> Tinggi | K41: ='B.kriteria & R.kecocokan'!$B$90 -> Sangat Sedikit | L41: ='B.kriteria & R.kecocokan'!$B$49 -> Rendah | M41: ='B.kriteria & R.kecocokan'!$B$57 -> Rendah | N41: ='B.kriteria & R.kecocokan'!$B$65 -> Rendah | O41: Tidak
A42: 39 | B42: 3523154107540103 | C42: KARSIYAH | D42: 01 / 05 | E42: ='B.kriteria & R.kecocokan'!$B$25 -> Sedikit | F42: ='B.kriteria & R.kecocokan'!$B$34 -> Tinggi | G42: ='B.kriteria & R.kecocokan'!$B$41 -> Rendah | H42: ='B.kriteria & R.kecocokan'!$B$72 -> Rendah | I42: ='B.kriteria & R.kecocokan'!$B$95 -> Rendah | J42: ='B.kriteria & R.kecocokan'!$B$81 -> Tinggi | K42: ='B.kriteria & R.kecocokan'!$B$90 -> Sangat Sedikit | L42: ='B.kriteria & R.kecocokan'!$B$49 -> Rendah | M42: ='B.kriteria & R.kecocokan'!$B$57 -> Rendah | N42: ='B.kriteria & R.kecocokan'!$B$65 -> Rendah | O42: Tidak
A43: 40 | B43: 3523151403170009 | C43: KARDIYONO | D43: 01 / 05 | E43: ='B.kriteria & R.kecocokan'!$B$24 -> Cukup | F43: ='B.kriteria & R.kecocokan'!$B$34 -> Tinggi | G43: ='B.kriteria & R.kecocokan'!$B$43 -> Tinggi | H43: ='B.kriteria & R.kecocokan'!$B$72 -> Rendah | I43: ='B.kriteria & R.kecocokan'!$B$95 -> Rendah | J43: ='B.kriteria & R.kecocokan'!$B$80 -> Rendah | K43: ='B.kriteria & R.kecocokan'!$B$88 -> Sedang | L43: ='B.kriteria & R.kecocokan'!$B$49 -> Rendah | M43: ='B.kriteria & R.kecocokan'!$B$57 -> Rendah | N43: ='B.kriteria & R.kecocokan'!$B$65 -> Rendah | O43: Tidak
A44: 41 | B44: 3523151403061471 | C44: LILIK | D44: 01 / 05 | E44: ='B.kriteria & R.kecocokan'!$B$23 -> Banyak | F44: ='B.kriteria & R.kecocokan'!$B$34 -> Tinggi | G44: ='B.kriteria & R.kecocokan'!$B$41 -> Rendah | H44: ='B.kriteria & R.kecocokan'!$B$72 -> Rendah | I44: ='B.kriteria & R.kecocokan'!$B$95 -> Rendah | J44: ='B.kriteria & R.kecocokan'!$B$81 -> Tinggi | K44: ='B.kriteria & R.kecocokan'!$B$90 -> Sangat Sedikit | L44: ='B.kriteria & R.kecocokan'!$B$49 -> Rendah | M44: ='B.kriteria & R.kecocokan'!$B$57 -> Rendah | N44: ='B.kriteria & R.kecocokan'!$B$65 -> Rendah | O44: Tidak
A45: 42 | B45: =Penghasilan!B22 -> 3523151309090178 | C45: WARIYANTO | D45: 02 / 05 | E45: ='B.kriteria & R.kecocokan'!$B$25 -> Sedikit | F45: ='B.kriteria & R.kecocokan'!$B$34 -> Tinggi | G45: ='B.kriteria & R.kecocokan'!$B$41 -> Rendah | H45: ='B.kriteria & R.kecocokan'!$B$72 -> Rendah | I45: ='B.kriteria & R.kecocokan'!$B$95 -> Rendah | J45: ='B.kriteria & R.kecocokan'!$B$81 -> Tinggi | K45: ='B.kriteria & R.kecocokan'!$B$88 -> Sedang | L45: ='B.kriteria & R.kecocokan'!$B$50 -> Sedang | M45: ='B.kriteria & R.kecocokan'!$B$57 -> Rendah | N45: ='B.kriteria & R.kecocokan'!$B$65 -> Rendah | O45: Layak
A46: 43 | B46: =Penghasilan!B35 -> 3523151303180005 | C46: SUJONO | D46: 02 / 05 | E46: ='B.kriteria & R.kecocokan'!$B$25 -> Sedikit | F46: ='B.kriteria & R.kecocokan'!$B$34 -> Tinggi | G46: ='B.kriteria & R.kecocokan'!$B$41 -> Rendah | H46: ='B.kriteria & R.kecocokan'!$B$72 -> Rendah | I46: ='B.kriteria & R.kecocokan'!$B$95 -> Rendah | J46: ='B.kriteria & R.kecocokan'!$B$80 -> Rendah | K46: ='B.kriteria & R.kecocokan'!$B$90 -> Sangat Sedikit | L46: ='B.kriteria & R.kecocokan'!$B$49 -> Rendah | M46: ='B.kriteria & R.kecocokan'!$B$57 -> Rendah | N46: ='B.kriteria & R.kecocokan'!$B$65 -> Rendah | O46: Tidak
A47: 44 | B47: =Penghasilan!B34 -> 3523151403061462 | C47: SUMIJAH | D47: 02 / 05 | E47: ='B.kriteria & R.kecocokan'!$B$25 -> Sedikit | F47: ='B.kriteria & R.kecocokan'!$B$35 -> Sangat Tinggi | G47: ='B.kriteria & R.kecocokan'!$B$41 -> Rendah | H47: ='B.kriteria & R.kecocokan'!$B$72 -> Rendah | I47: ='B.kriteria & R.kecocokan'!$B$95 -> Rendah | J47: ='B.kriteria & R.kecocokan'!$B$81 -> Tinggi | K47: ='B.kriteria & R.kecocokan'!$B$90 -> Sangat Sedikit | L47: ='B.kriteria & R.kecocokan'!$B$50 -> Sedang | M47: ='B.kriteria & R.kecocokan'!$B$59 -> Tinggi | N47: ='B.kriteria & R.kecocokan'!$B$65 -> Rendah | O47: Layak
A48: 45 | B48: =Penghasilan!B36 -> 3523151309090180 | C48: SUPRAPTO | D48: 02 / 05 | E48: ='B.kriteria & R.kecocokan'!$B$24 -> Cukup | F48: ='B.kriteria & R.kecocokan'!$B$34 -> Tinggi | G48: ='B.kriteria & R.kecocokan'!$B$41 -> Rendah | H48: ='B.kriteria & R.kecocokan'!$B$72 -> Rendah | I48: ='B.kriteria & R.kecocokan'!$B$95 -> Rendah | J48: ='B.kriteria & R.kecocokan'!$B$81 -> Tinggi | K48: ='B.kriteria & R.kecocokan'!$B$90 -> Sangat Sedikit | L48: ='B.kriteria & R.kecocokan'!$B$49 -> Rendah | M48: ='B.kriteria & R.kecocokan'!$B$57 -> Rendah | N48: ='B.kriteria & R.kecocokan'!$B$65 -> Rendah | O48: Tidak
A49: 46 | B49: =Penghasilan!B40 -> 3523150209200001 | C49: SUGIYONO | D49: 02 / 05 | E49: ='B.kriteria & R.kecocokan'!$B$24 -> Cukup | F49: ='B.kriteria & R.kecocokan'!$B$34 -> Tinggi | G49: ='B.kriteria & R.kecocokan'!$B$41 -> Rendah | H49: ='B.kriteria & R.kecocokan'!$B$72 -> Rendah | I49: ='B.kriteria & R.kecocokan'!$B$95 -> Rendah | J49: ='B.kriteria & R.kecocokan'!$B$80 -> Rendah | K49: ='B.kriteria & R.kecocokan'!$B$88 -> Sedang | L49: ='B.kriteria & R.kecocokan'!$B$49 -> Rendah | M49: ='B.kriteria & R.kecocokan'!$B$57 -> Rendah | N49: ='B.kriteria & R.kecocokan'!$B$65 -> Rendah | O49: Tidak
A50: 47 | B50: =Penghasilan!B32 -> 3523151005110001 | C50: MARSILAN | D50: 02 / 05 | E50: ='B.kriteria & R.kecocokan'!$B$25 -> Sedikit | F50: ='B.kriteria & R.kecocokan'!$B$34 -> Tinggi | G50: ='B.kriteria & R.kecocokan'!$B$41 -> Rendah | H50: ='B.kriteria & R.kecocokan'!$B$72 -> Rendah | I50: ='B.kriteria & R.kecocokan'!$B$95 -> Rendah | J50: ='B.kriteria & R.kecocokan'!$B$81 -> Tinggi | K50: ='B.kriteria & R.kecocokan'!$B$90 -> Sangat Sedikit | L50: ='B.kriteria & R.kecocokan'!$B$49 -> Rendah | M50: ='B.kriteria & R.kecocokan'!$B$57 -> Rendah | N50: ='B.kriteria & R.kecocokan'!$B$65 -> Rendah | O50: Tidak
A51: 48 | B51: =Penghasilan!B38 -> 3523151403061468 | C51: NURHAMID | D51: 02 / 05 | E51: ='B.kriteria & R.kecocokan'!$B$24 -> Cukup | F51: ='B.kriteria & R.kecocokan'!$B$34 -> Tinggi | G51: ='B.kriteria & R.kecocokan'!$B$41 -> Rendah | H51: ='B.kriteria & R.kecocokan'!$B$72 -> Rendah | I51: ='B.kriteria & R.kecocokan'!$B$95 -> Rendah | J51: ='B.kriteria & R.kecocokan'!$B$80 -> Rendah | K51: ='B.kriteria & R.kecocokan'!$B$89 -> Sedikit | L51: ='B.kriteria & R.kecocokan'!$B$49 -> Rendah | M51: ='B.kriteria & R.kecocokan'!$B$57 -> Rendah | N51: ='B.kriteria & R.kecocokan'!$B$65 -> Rendah | O51: Tidak
A52: 49 | B52: =Penghasilan!B37 -> 3523151403061466 | C52: SAMIDAH | D52: 02 / 05 | E52: ='B.kriteria & R.kecocokan'!$B$25 -> Sedikit | F52: ='B.kriteria & R.kecocokan'!$B$35 -> Sangat Tinggi | G52: ='B.kriteria & R.kecocokan'!$B$41 -> Rendah | H52: ='B.kriteria & R.kecocokan'!$B$72 -> Rendah | I52: ='B.kriteria & R.kecocokan'!$B$95 -> Rendah | J52: ='B.kriteria & R.kecocokan'!$B$81 -> Tinggi | K52: ='B.kriteria & R.kecocokan'!$B$90 -> Sangat Sedikit | L52: ='B.kriteria & R.kecocokan'!$B$49 -> Rendah | M52: ='B.kriteria & R.kecocokan'!$B$57 -> Rendah | N52: ='B.kriteria & R.kecocokan'!$B$65 -> Rendah | O52: Layak
A53: 50 | B53: =Penghasilan!B28 -> 3523152111210007 | C53: MUNASIR | D53: 02 / 05 | E53: ='B.kriteria & R.kecocokan'!$B$25 -> Sedikit | F53: ='B.kriteria & R.kecocokan'!$B$34 -> Tinggi | G53: ='B.kriteria & R.kecocokan'!$B$41 -> Rendah | H53: ='B.kriteria & R.kecocokan'!$B$72 -> Rendah | I53: ='B.kriteria & R.kecocokan'!$B$95 -> Rendah | J53: ='B.kriteria & R.kecocokan'!$B$80 -> Rendah | K53: ='B.kriteria & R.kecocokan'!$B$88 -> Sedang | L53: ='B.kriteria & R.kecocokan'!$B$50 -> Sedang | M53: ='B.kriteria & R.kecocokan'!$B$59 -> Tinggi | N53: ='B.kriteria & R.kecocokan'!$B$65 -> Rendah | O53: Layak
A54: 51 | B54: =Penghasilan!B30 -> 3523151403061463 | C54: PURWANTO | D54: 02 / 05 | E54: ='B.kriteria & R.kecocokan'!$B$25 -> Sedikit | F54: ='B.kriteria & R.kecocokan'!$B$34 -> Tinggi | G54: ='B.kriteria & R.kecocokan'!$B$41 -> Rendah | H54: ='B.kriteria & R.kecocokan'!$B$72 -> Rendah | I54: ='B.kriteria & R.kecocokan'!$B$95 -> Rendah | J54: ='B.kriteria & R.kecocokan'!$B$80 -> Rendah | K54: ='B.kriteria & R.kecocokan'!$B$88 -> Sedang | L54: ='B.kriteria & R.kecocokan'!$B$49 -> Rendah | M54: ='B.kriteria & R.kecocokan'!$B$58 -> Sedang | N54: ='B.kriteria & R.kecocokan'!$B$65 -> Rendah | O54: Tidak
A55: 52 | B55: =Penghasilan!B31 -> 3523151403060769 | C55: PANLIK | D55: 02 / 05 | E55: ='B.kriteria & R.kecocokan'!$B$25 -> Sedikit | F55: ='B.kriteria & R.kecocokan'!$B$34 -> Tinggi | G55: ='B.kriteria & R.kecocokan'!$B$41 -> Rendah | H55: ='B.kriteria & R.kecocokan'!$B$72 -> Rendah | I55: ='B.kriteria & R.kecocokan'!$B$95 -> Rendah | J55: ='B.kriteria & R.kecocokan'!$B$80 -> Rendah | K55: ='B.kriteria & R.kecocokan'!$B$89 -> Sedikit | L55: ='B.kriteria & R.kecocokan'!$B$49 -> Rendah | M55: ='B.kriteria & R.kecocokan'!$B$57 -> Rendah | N55: ='B.kriteria & R.kecocokan'!$B$65 -> Rendah | O55: Tidak
A56: 53 | B56: =Penghasilan!B33 -> 3523151403060778 | C56: MACTIUS RICKY LEONALDO | D56: 02 / 05 | E56: ='B.kriteria & R.kecocokan'!$B$23 -> Banyak | F56: ='B.kriteria & R.kecocokan'!$B$34 -> Tinggi | G56: ='B.kriteria & R.kecocokan'!$B$41 -> Rendah | H56: ='B.kriteria & R.kecocokan'!$B$72 -> Rendah | I56: ='B.kriteria & R.kecocokan'!$B$95 -> Rendah | J56: ='B.kriteria & R.kecocokan'!$B$80 -> Rendah | K56: ='B.kriteria & R.kecocokan'!$B$88 -> Sedang | L56: ='B.kriteria & R.kecocokan'!$B$49 -> Rendah | M56: ='B.kriteria & R.kecocokan'!$B$57 -> Rendah | N56: ='B.kriteria & R.kecocokan'!$B$65 -> Rendah | O56: Tidak
A57: 54 | B57: =Penghasilan!B29 -> 3523153112090187 | C57: PUJI PRASETYO | D57: 02 / 05 | E57: ='B.kriteria & R.kecocokan'!$B$23 -> Banyak | F57: ='B.kriteria & R.kecocokan'!$B$34 -> Tinggi | G57: ='B.kriteria & R.kecocokan'!$B$41 -> Rendah | H57: ='B.kriteria & R.kecocokan'!$B$72 -> Rendah | I57: ='B.kriteria & R.kecocokan'!$B$95 -> Rendah | J57: ='B.kriteria & R.kecocokan'!$B$80 -> Rendah | K57: ='B.kriteria & R.kecocokan'!$B$89 -> Sedikit | L57: ='B.kriteria & R.kecocokan'!$B$49 -> Rendah | M57: ='B.kriteria & R.kecocokan'!$B$57 -> Rendah | N57: ='B.kriteria & R.kecocokan'!$B$65 -> Rendah | O57: Tidak
A58: 55 | B58: =Penghasilan!B41 -> 3523153004190006 | C58: TRI ABDUL AZIZ | D58: 02 / 05 | E58: ='B.kriteria & R.kecocokan'!$B$25 -> Sedikit | F58: ='B.kriteria & R.kecocokan'!$B$34 -> Tinggi | G58: ='B.kriteria & R.kecocokan'!$B$43 -> Tinggi | H58: ='B.kriteria & R.kecocokan'!$B$72 -> Rendah | I58: ='B.kriteria & R.kecocokan'!$B$95 -> Rendah | J58: ='B.kriteria & R.kecocokan'!$B$80 -> Rendah | K58: ='B.kriteria & R.kecocokan'!$B$89 -> Sedikit | L58: ='B.kriteria & R.kecocokan'!$B$49 -> Rendah | M58: ='B.kriteria & R.kecocokan'!$B$57 -> Rendah | N58: ='B.kriteria & R.kecocokan'!$B$65 -> Rendah | O58: Tidak
A59: 56 | B59: =Penghasilan!B42 -> 3523151309090188 | C59: TOTOK PUJI WALUYO | D59: 02 / 05 | E59: ='B.kriteria & R.kecocokan'!$B$23 -> Banyak | F59: ='B.kriteria & R.kecocokan'!$B$34 -> Tinggi | G59: ='B.kriteria & R.kecocokan'!$B$41 -> Rendah | H59: ='B.kriteria & R.kecocokan'!$B$72 -> Rendah | I59: ='B.kriteria & R.kecocokan'!$B$95 -> Rendah | J59: ='B.kriteria & R.kecocokan'!$B$81 -> Tinggi | K59: ='B.kriteria & R.kecocokan'!$B$90 -> Sangat Sedikit | L59: ='B.kriteria & R.kecocokan'!$B$49 -> Rendah | M59: ='B.kriteria & R.kecocokan'!$B$57 -> Rendah | N59: ='B.kriteria & R.kecocokan'!$B$65 -> Rendah | O59: Tidak
A60: 57 | B60: =Penghasilan!B43 -> 3523152405190001 | C60: DEBBY TARUNA VIRGO | D60: 02 / 05 | E60: ='B.kriteria & R.kecocokan'!$B$23 -> Banyak | F60: ='B.kriteria & R.kecocokan'!$B$34 -> Tinggi | G60: ='B.kriteria & R.kecocokan'!$B$41 -> Rendah | H60: ='B.kriteria & R.kecocokan'!$B$72 -> Rendah | I60: ='B.kriteria & R.kecocokan'!$B$95 -> Rendah | J60: ='B.kriteria & R.kecocokan'!$B$80 -> Rendah | K60: ='B.kriteria & R.kecocokan'!$B$88 -> Sedang | L60: ='B.kriteria & R.kecocokan'!$B$49 -> Rendah | M60: ='B.kriteria & R.kecocokan'!$B$57 -> Rendah | N60: ='B.kriteria & R.kecocokan'!$B$65 -> Rendah | O60: Tidak
A61: 58 | B61: =Penghasilan!B44 -> 3523151403060777 | C61: TTITIK MUJIATI | D61: 02 / 05 | E61: ='B.kriteria & R.kecocokan'!$B$25 -> Sedikit | F61: ='B.kriteria & R.kecocokan'!$B$34 -> Tinggi | G61: ='B.kriteria & R.kecocokan'!$B$41 -> Rendah | H61: ='B.kriteria & R.kecocokan'!$B$72 -> Rendah | I61: ='B.kriteria & R.kecocokan'!$B$95 -> Rendah | J61: ='B.kriteria & R.kecocokan'!$B$80 -> Rendah | K61: ='B.kriteria & R.kecocokan'!$B$88 -> Sedang | L61: ='B.kriteria & R.kecocokan'!$B$49 -> Rendah | M61: ='B.kriteria & R.kecocokan'!$B$57 -> Rendah | N61: ='B.kriteria & R.kecocokan'!$B$65 -> Rendah | O61: Tidak
A62: 59 | B62: =Penghasilan!B45 -> 3523151309090177 | C62: DARMUJI | D62: 02 / 05 | E62: ='B.kriteria & R.kecocokan'!$B$23 -> Banyak | F62: ='B.kriteria & R.kecocokan'!$B$34 -> Tinggi | G62: ='B.kriteria & R.kecocokan'!$B$41 -> Rendah | H62: ='B.kriteria & R.kecocokan'!$B$72 -> Rendah | I62: ='B.kriteria & R.kecocokan'!$B$95 -> Rendah | J62: ='B.kriteria & R.kecocokan'!$B$80 -> Rendah | K62: ='B.kriteria & R.kecocokan'!$B$90 -> Sangat Sedikit | L62: ='B.kriteria & R.kecocokan'!$B$49 -> Rendah | M62: ='B.kriteria & R.kecocokan'!$B$57 -> Rendah | N62: ='B.kriteria & R.kecocokan'!$B$65 -> Rendah | O62: Tidak
A63: 60 | B63: =Penghasilan!B46 -> 3523151403060771 | C63: DASRIK | D63: 02 / 05 | E63: ='B.kriteria & R.kecocokan'!$B$25 -> Sedikit | F63: ='B.kriteria & R.kecocokan'!$B$34 -> Tinggi | G63: ='B.kriteria & R.kecocokan'!$B$41 -> Rendah | H63: ='B.kriteria & R.kecocokan'!$B$72 -> Rendah | I63: ='B.kriteria & R.kecocokan'!$B$95 -> Rendah | J63: ='B.kriteria & R.kecocokan'!$B$81 -> Tinggi | K63: ='B.kriteria & R.kecocokan'!$B$90 -> Sangat Sedikit | L63: ='B.kriteria & R.kecocokan'!$B$49 -> Rendah | M63: ='B.kriteria & R.kecocokan'!$B$57 -> Rendah | N63: ='B.kriteria & R.kecocokan'!$B$65 -> Rendah | O63: Tidak
A64: 61 | B64: =Penghasilan!B6 -> 3523151309090184 | C64: JUATMUN | D64: 02 / 05 | E64: ='B.kriteria & R.kecocokan'!$B$25 -> Sedikit | F64: ='B.kriteria & R.kecocokan'!$B$34 -> Tinggi | G64: ='B.kriteria & R.kecocokan'!$B$41 -> Rendah | H64: ='B.kriteria & R.kecocokan'!$B$72 -> Rendah | I64: ='B.kriteria & R.kecocokan'!$B$95 -> Rendah | J64: ='B.kriteria & R.kecocokan'!$B$80 -> Rendah | K64: ='B.kriteria & R.kecocokan'!$B$89 -> Sedikit | L64: ='B.kriteria & R.kecocokan'!$B$49 -> Rendah | M64: ='B.kriteria & R.kecocokan'!$B$57 -> Rendah | N64: ='B.kriteria & R.kecocokan'!$B$65 -> Rendah | O64: Tidak
A65: 62 | B65: =Penghasilan!B47 -> 3523151309090182 | C65: WITAWIKNINGSIH | D65: 02 / 05 | E65: ='B.kriteria & R.kecocokan'!$B$25 -> Sedikit | F65: ='B.kriteria & R.kecocokan'!$B$34 -> Tinggi | G65: ='B.kriteria & R.kecocokan'!$B$41 -> Rendah | H65: ='B.kriteria & R.kecocokan'!$B$72 -> Rendah | I65: ='B.kriteria & R.kecocokan'!$B$95 -> Rendah | J65: ='B.kriteria & R.kecocokan'!$B$81 -> Tinggi | K65: ='B.kriteria & R.kecocokan'!$B$90 -> Sangat Sedikit | L65: ='B.kriteria & R.kecocokan'!$B$49 -> Rendah | M65: ='B.kriteria & R.kecocokan'!$B$57 -> Rendah | N65: ='B.kriteria & R.kecocokan'!$B$65 -> Rendah | O65: Layak
A66: 63 | B66: =Penghasilan!B50 -> 3523152212160003 | C66: SOEWITO | D66: 02 / 05 | E66: ='B.kriteria & R.kecocokan'!$B$23 -> Banyak | F66: ='B.kriteria & R.kecocokan'!$B$34 -> Tinggi | G66: ='B.kriteria & R.kecocokan'!$B$41 -> Rendah | H66: ='B.kriteria & R.kecocokan'!$B$72 -> Rendah | I66: ='B.kriteria & R.kecocokan'!$B$95 -> Rendah | J66: ='B.kriteria & R.kecocokan'!$B$81 -> Tinggi | K66: ='B.kriteria & R.kecocokan'!$B$90 -> Sangat Sedikit | L66: ='B.kriteria & R.kecocokan'!$B$49 -> Rendah | M66: ='B.kriteria & R.kecocokan'!$B$57 -> Rendah | N66: ='B.kriteria & R.kecocokan'!$B$65 -> Rendah | O66: Tidak
A67: 64 | B67: =Penghasilan!B48 -> 3523151403060776 | C67: SARTI | D67: 02 / 05 | E67: ='B.kriteria & R.kecocokan'!$B$25 -> Sedikit | F67: ='B.kriteria & R.kecocokan'!$B$34 -> Tinggi | G67: ='B.kriteria & R.kecocokan'!$B$41 -> Rendah | H67: ='B.kriteria & R.kecocokan'!$B$72 -> Rendah | I67: ='B.kriteria & R.kecocokan'!$B$95 -> Rendah | J67: ='B.kriteria & R.kecocokan'!$B$81 -> Tinggi | K67: ='B.kriteria & R.kecocokan'!$B$90 -> Sangat Sedikit | L67: ='B.kriteria & R.kecocokan'!$B$49 -> Rendah | M67: ='B.kriteria & R.kecocokan'!$B$57 -> Rendah | N67: ='B.kriteria & R.kecocokan'!$B$65 -> Rendah | O67: Tidak
A68: 65 | B68: =Penghasilan!B49 -> 3523152101140003 | C68: SUMADI | D68: 02 / 05 | E68: ='B.kriteria & R.kecocokan'!$B$23 -> Banyak | F68: ='B.kriteria & R.kecocokan'!$B$34 -> Tinggi | G68: ='B.kriteria & R.kecocokan'!$B$41 -> Rendah | H68: ='B.kriteria & R.kecocokan'!$B$72 -> Rendah | I68: ='B.kriteria & R.kecocokan'!$B$95 -> Rendah | J68: ='B.kriteria & R.kecocokan'!$B$80 -> Rendah | K68: ='B.kriteria & R.kecocokan'!$B$89 -> Sedikit | L68: ='B.kriteria & R.kecocokan'!$B$49 -> Rendah | M68: ='B.kriteria & R.kecocokan'!$B$57 -> Rendah | N68: ='B.kriteria & R.kecocokan'!$B$65 -> Rendah | O68: Tidak
A69: 66 | B69: =Penghasilan!B51 -> 3523151403063105 | C69: SUTARTO | D69: 02 / 05 | E69: ='B.kriteria & R.kecocokan'!$B$23 -> Banyak | F69: ='B.kriteria & R.kecocokan'!$B$34 -> Tinggi | G69: ='B.kriteria & R.kecocokan'!$B$41 -> Rendah | H69: ='B.kriteria & R.kecocokan'!$B$72 -> Rendah | I69: ='B.kriteria & R.kecocokan'!$B$95 -> Rendah | J69: ='B.kriteria & R.kecocokan'!$B$80 -> Rendah | K69: ='B.kriteria & R.kecocokan'!$B$89 -> Sedikit | L69: ='B.kriteria & R.kecocokan'!$B$49 -> Rendah | M69: ='B.kriteria & R.kecocokan'!$B$57 -> Rendah | N69: ='B.kriteria & R.kecocokan'!$B$65 -> Rendah | O69: Tidak
A70: 67 | B70: =Penghasilan!B52 -> 3523152207170003 | C70: TARMUJI | D70: 02 / 05 | E70: ='B.kriteria & R.kecocokan'!$B$24 -> Cukup | F70: ='B.kriteria & R.kecocokan'!$B$34 -> Tinggi | G70: ='B.kriteria & R.kecocokan'!$B$41 -> Rendah | H70: ='B.kriteria & R.kecocokan'!$B$72 -> Rendah | I70: ='B.kriteria & R.kecocokan'!$B$95 -> Rendah | J70: ='B.kriteria & R.kecocokan'!$B$80 -> Rendah | K70: ='B.kriteria & R.kecocokan'!$B$89 -> Sedikit | L70: ='B.kriteria & R.kecocokan'!$B$49 -> Rendah | M70: ='B.kriteria & R.kecocokan'!$B$57 -> Rendah | N70: ='B.kriteria & R.kecocokan'!$B$65 -> Rendah | O70: Tidak
A71: 68 | B71: =Penghasilan!B53 -> 3523151403060757 | C71: ADENAN | D71: 02 / 05 | E71: ='B.kriteria & R.kecocokan'!$B$24 -> Cukup | F71: ='B.kriteria & R.kecocokan'!$B$34 -> Tinggi | G71: ='B.kriteria & R.kecocokan'!$B$41 -> Rendah | H71: ='B.kriteria & R.kecocokan'!$B$72 -> Rendah | I71: ='B.kriteria & R.kecocokan'!$B$95 -> Rendah | J71: ='B.kriteria & R.kecocokan'!$B$80 -> Rendah | K71: ='B.kriteria & R.kecocokan'!$B$89 -> Sedikit | L71: ='B.kriteria & R.kecocokan'!$B$49 -> Rendah | M71: ='B.kriteria & R.kecocokan'!$B$57 -> Rendah | N71: ='B.kriteria & R.kecocokan'!$B$65 -> Rendah | O71: Tidak
A72: 69 | B72: =Penghasilan!B55 -> 3523151309090179 | C72: MARSINAH | D72: 02 / 05 | E72: ='B.kriteria & R.kecocokan'!$B$25 -> Sedikit | F72: ='B.kriteria & R.kecocokan'!$B$34 -> Tinggi | G72: ='B.kriteria & R.kecocokan'!$B$41 -> Rendah | H72: ='B.kriteria & R.kecocokan'!$B$72 -> Rendah | I72: ='B.kriteria & R.kecocokan'!$B$95 -> Rendah | J72: ='B.kriteria & R.kecocokan'!$B$81 -> Tinggi | K72: ='B.kriteria & R.kecocokan'!$B$90 -> Sangat Sedikit | L72: ='B.kriteria & R.kecocokan'!$B$49 -> Rendah | M72: ='B.kriteria & R.kecocokan'!$B$57 -> Rendah | N72: ='B.kriteria & R.kecocokan'!$B$65 -> Rendah | O72: Tidak
A73: 70 | B73: =Penghasilan!B54 -> 3523151403064641 | C73: JUNAEDI | D73: 02 / 05 | E73: ='B.kriteria & R.kecocokan'!$B$23 -> Banyak | F73: ='B.kriteria & R.kecocokan'!$B$34 -> Tinggi | G73: ='B.kriteria & R.kecocokan'!$B$41 -> Rendah | H73: ='B.kriteria & R.kecocokan'!$B$72 -> Rendah | I73: ='B.kriteria & R.kecocokan'!$B$95 -> Rendah | J73: ='B.kriteria & R.kecocokan'!$B$80 -> Rendah | K73: ='B.kriteria & R.kecocokan'!$B$88 -> Sedang | L73: ='B.kriteria & R.kecocokan'!$B$49 -> Rendah | M73: ='B.kriteria & R.kecocokan'!$B$57 -> Rendah | N73: ='B.kriteria & R.kecocokan'!$B$65 -> Rendah | O73: Tidak
A74: 71 | B74: =Penghasilan!B56 -> 3523151309090183 | C74: ANTON WAHYUDIN | D74: 02 / 05 | E74: ='B.kriteria & R.kecocokan'!$B$23 -> Banyak | F74: ='B.kriteria & R.kecocokan'!$B$34 -> Tinggi | G74: ='B.kriteria & R.kecocokan'!$B$41 -> Rendah | H74: ='B.kriteria & R.kecocokan'!$B$72 -> Rendah | I74: ='B.kriteria & R.kecocokan'!$B$95 -> Rendah | J74: ='B.kriteria & R.kecocokan'!$B$80 -> Rendah | K74: ='B.kriteria & R.kecocokan'!$B$88 -> Sedang | L74: ='B.kriteria & R.kecocokan'!$B$49 -> Rendah | M74: ='B.kriteria & R.kecocokan'!$B$57 -> Rendah | N74: ='B.kriteria & R.kecocokan'!$B$65 -> Rendah | O74: Tidak
A75: 72 | B75: =Penghasilan!B57 -> 3523152310180005 | C75: SAMAD | D75: 02 / 05 | E75: ='B.kriteria & R.kecocokan'!$B$23 -> Banyak | F75: ='B.kriteria & R.kecocokan'!$B$34 -> Tinggi | G75: ='B.kriteria & R.kecocokan'!$B$41 -> Rendah | H75: ='B.kriteria & R.kecocokan'!$B$72 -> Rendah | I75: ='B.kriteria & R.kecocokan'!$B$95 -> Rendah | J75: ='B.kriteria & R.kecocokan'!$B$81 -> Tinggi | K75: ='B.kriteria & R.kecocokan'!$B$90 -> Sangat Sedikit | L75: ='B.kriteria & R.kecocokan'!$B$49 -> Rendah | M75: ='B.kriteria & R.kecocokan'!$B$57 -> Rendah | N75: ='B.kriteria & R.kecocokan'!$B$65 -> Rendah | O75: Tidak
A76: 73 | B76: =Penghasilan!B58 -> 3523151403060766 | C76: DARKUN | D76: 02 / 05 | E76: ='B.kriteria & R.kecocokan'!$B$23 -> Banyak | F76: ='B.kriteria & R.kecocokan'!$B$35 -> Sangat Tinggi | G76: ='B.kriteria & R.kecocokan'!$B$41 -> Rendah | H76: ='B.kriteria & R.kecocokan'!$B$72 -> Rendah | I76: ='B.kriteria & R.kecocokan'!$B$95 -> Rendah | J76: ='B.kriteria & R.kecocokan'!$B$80 -> Rendah | K76: ='B.kriteria & R.kecocokan'!$B$90 -> Sangat Sedikit | L76: ='B.kriteria & R.kecocokan'!$B$51 -> Tinggi | M76: ='B.kriteria & R.kecocokan'!$B$57 -> Rendah | N76: ='B.kriteria & R.kecocokan'!$B$65 -> Rendah | O76: Tidak
A77: 74 | B77: =Penghasilan!B59 -> 3523151403060765 | C77: M.SUEB | D77: 02 / 05 | E77: ='B.kriteria & R.kecocokan'!$B$24 -> Cukup | F77: ='B.kriteria & R.kecocokan'!$B$34 -> Tinggi | G77: ='B.kriteria & R.kecocokan'!$B$41 -> Rendah | H77: ='B.kriteria & R.kecocokan'!$B$72 -> Rendah | I77: ='B.kriteria & R.kecocokan'!$B$95 -> Rendah | J77: ='B.kriteria & R.kecocokan'!$B$80 -> Rendah | K77: ='B.kriteria & R.kecocokan'!$B$89 -> Sedikit | L77: ='B.kriteria & R.kecocokan'!$B$49 -> Rendah | M77: ='B.kriteria & R.kecocokan'!$B$57 -> Rendah | N77: ='B.kriteria & R.kecocokan'!$B$65 -> Rendah | O77: Tidak
A78: 75 | B78: =Penghasilan!B16 -> 3523150508150003 | C78: DHIQ PRIHADI | D78: 02 / 05 | E78: ='B.kriteria & R.kecocokan'!$B$24 -> Cukup | F78: ='B.kriteria & R.kecocokan'!$B$34 -> Tinggi | G78: ='B.kriteria & R.kecocokan'!$B$43 -> Tinggi | H78: ='B.kriteria & R.kecocokan'!$B$72 -> Rendah | I78: ='B.kriteria & R.kecocokan'!$B$95 -> Rendah | J78: ='B.kriteria & R.kecocokan'!$B$80 -> Rendah | K78: ='B.kriteria & R.kecocokan'!$B$88 -> Sedang | L78: ='B.kriteria & R.kecocokan'!$B$49 -> Rendah | M78: ='B.kriteria & R.kecocokan'!$B$57 -> Rendah | N78: ='B.kriteria & R.kecocokan'!$B$65 -> Rendah | O78: Tidak
A79: 76 | B79: =Penghasilan!B15 -> 3523151403060759 | C79: GENDUT HARIYANTO | D79: 02 / 05 | E79: ='B.kriteria & R.kecocokan'!$B$23 -> Banyak | F79: ='B.kriteria & R.kecocokan'!$B$34 -> Tinggi | G79: ='B.kriteria & R.kecocokan'!$B$41 -> Rendah | H79: ='B.kriteria & R.kecocokan'!$B$72 -> Rendah | I79: ='B.kriteria & R.kecocokan'!$B$95 -> Rendah | J79: ='B.kriteria & R.kecocokan'!$B$81 -> Tinggi | K79: ='B.kriteria & R.kecocokan'!$B$88 -> Sedang | L79: ='B.kriteria & R.kecocokan'!$B$49 -> Rendah | M79: ='B.kriteria & R.kecocokan'!$B$57 -> Rendah | N79: ='B.kriteria & R.kecocokan'!$B$65 -> Rendah | O79: Tidak
A80: 77 | B80: =Penghasilan!B17 -> 3523151403060761 | C80: SUTARSIH | D80: 02 / 05 | E80: ='B.kriteria & R.kecocokan'!$B$24 -> Cukup | F80: ='B.kriteria & R.kecocokan'!$B$34 -> Tinggi | G80: ='B.kriteria & R.kecocokan'!$B$41 -> Rendah | H80: ='B.kriteria & R.kecocokan'!$B$72 -> Rendah | I80: ='B.kriteria & R.kecocokan'!$B$95 -> Rendah | J80: ='B.kriteria & R.kecocokan'!$B$81 -> Tinggi | K80: ='B.kriteria & R.kecocokan'!$B$90 -> Sangat Sedikit | L80: ='B.kriteria & R.kecocokan'!$B$49 -> Rendah | M80: ='B.kriteria & R.kecocokan'!$B$57 -> Rendah | N80: ='B.kriteria & R.kecocokan'!$B$65 -> Rendah | O80: Tidak
A81: 78 | B81: =Penghasilan!B12 -> 3523151403061490 | C81: RUJU ALIP | D81: 02 / 05 | E81: ='B.kriteria & R.kecocokan'!$B$24 -> Cukup | F81: ='B.kriteria & R.kecocokan'!$B$34 -> Tinggi | G81: ='B.kriteria & R.kecocokan'!$B$43 -> Tinggi | H81: ='B.kriteria & R.kecocokan'!$B$72 -> Rendah | I81: ='B.kriteria & R.kecocokan'!$B$95 -> Rendah | J81: ='B.kriteria & R.kecocokan'!$B$80 -> Rendah | K81: ='B.kriteria & R.kecocokan'!$B$90 -> Sangat Sedikit | L81: ='B.kriteria & R.kecocokan'!$B$49 -> Rendah | M81: ='B.kriteria & R.kecocokan'!$B$57 -> Rendah | N81: ='B.kriteria & R.kecocokan'!$B$65 -> Rendah | O81: Tidak
A82: 79 | B82: =Penghasilan!B25 -> 3523150311160031 | C82: PATMI | D82: 02 / 05 | E82: ='B.kriteria & R.kecocokan'!$B$25 -> Sedikit | F82: ='B.kriteria & R.kecocokan'!$B$34 -> Tinggi | G82: ='B.kriteria & R.kecocokan'!$B$41 -> Rendah | H82: ='B.kriteria & R.kecocokan'!$B$72 -> Rendah | I82: ='B.kriteria & R.kecocokan'!$B$95 -> Rendah | J82: ='B.kriteria & R.kecocokan'!$B$81 -> Tinggi | K82: ='B.kriteria & R.kecocokan'!$B$90 -> Sangat Sedikit | L82: ='B.kriteria & R.kecocokan'!$B$49 -> Rendah | M82: ='B.kriteria & R.kecocokan'!$B$58 -> Sedang | N82: ='B.kriteria & R.kecocokan'!$B$65 -> Rendah | O82: Layak
A83: 80 | B83: =Penghasilan!B14 -> 3523152110200008 | C83: DIDIK PURNOMO | D83: 02 / 05 | E83: ='B.kriteria & R.kecocokan'!$B$25 -> Sedikit | F83: ='B.kriteria & R.kecocokan'!$B$34 -> Tinggi | G83: ='B.kriteria & R.kecocokan'!$B$43 -> Tinggi | H83: ='B.kriteria & R.kecocokan'!$B$72 -> Rendah | I83: ='B.kriteria & R.kecocokan'!$B$96 -> Tinggi | J83: ='B.kriteria & R.kecocokan'!$B$80 -> Rendah | K83: ='B.kriteria & R.kecocokan'!$B$89 -> Sedikit | L83: ='B.kriteria & R.kecocokan'!$B$49 -> Rendah | M83: ='B.kriteria & R.kecocokan'!$B$57 -> Rendah | N83: ='B.kriteria & R.kecocokan'!$B$65 -> Rendah | O83: Tidak
A84: 81 | B84: =Penghasilan!B13 -> 3523151008120009 | C84: SUTARTI | D84: 02 / 05 | E84: ='B.kriteria & R.kecocokan'!$B$25 -> Sedikit | F84: ='B.kriteria & R.kecocokan'!$B$34 -> Tinggi | G84: ='B.kriteria & R.kecocokan'!$B$41 -> Rendah | H84: ='B.kriteria & R.kecocokan'!$B$72 -> Rendah | I84: ='B.kriteria & R.kecocokan'!$B$95 -> Rendah | J84: ='B.kriteria & R.kecocokan'!$B$81 -> Tinggi | K84: ='B.kriteria & R.kecocokan'!$B$90 -> Sangat Sedikit | L84: ='B.kriteria & R.kecocokan'!$B$49 -> Rendah | M84: ='B.kriteria & R.kecocokan'!$B$57 -> Rendah | N84: ='B.kriteria & R.kecocokan'!$B$65 -> Rendah | O84: Tidak
A85: 82 | B85: =Penghasilan!B7 -> 3523152906120006 | C85: YONO | D85: 02 / 05 | E85: ='B.kriteria & R.kecocokan'!$B$25 -> Sedikit | F85: ='B.kriteria & R.kecocokan'!$B$34 -> Tinggi | G85: ='B.kriteria & R.kecocokan'!$B$41 -> Rendah | H85: ='B.kriteria & R.kecocokan'!$B$72 -> Rendah | I85: ='B.kriteria & R.kecocokan'!$B$95 -> Rendah | J85: ='B.kriteria & R.kecocokan'!$B$80 -> Rendah | K85: ='B.kriteria & R.kecocokan'!$B$88 -> Sedang | L85: ='B.kriteria & R.kecocokan'!$B$49 -> Rendah | M85: ='B.kriteria & R.kecocokan'!$B$57 -> Rendah | N85: ='B.kriteria & R.kecocokan'!$B$65 -> Rendah | O85: Tidak
A86: 83 | B86: =Penghasilan!B27 -> 3523151403060779 | C86: SAMSI | D86: 02 / 05 | E86: ='B.kriteria & R.kecocokan'!$B$24 -> Cukup | F86: ='B.kriteria & R.kecocokan'!$B$34 -> Tinggi | G86: ='B.kriteria & R.kecocokan'!$B$41 -> Rendah | H86: ='B.kriteria & R.kecocokan'!$B$72 -> Rendah | I86: ='B.kriteria & R.kecocokan'!$B$95 -> Rendah | J86: ='B.kriteria & R.kecocokan'!$B$80 -> Rendah | K86: ='B.kriteria & R.kecocokan'!$B$89 -> Sedikit | L86: ='B.kriteria & R.kecocokan'!$B$49 -> Rendah | M86: ='B.kriteria & R.kecocokan'!$B$58 -> Sedang | N86: ='B.kriteria & R.kecocokan'!$B$65 -> Rendah | O86: Layak
A87: 84 | B87: =Penghasilan!B7 -> 3523152906120006 | C87: SAKRUN | D87: 02 / 05 | E87: ='B.kriteria & R.kecocokan'!$B$24 -> Cukup | F87: ='B.kriteria & R.kecocokan'!$B$34 -> Tinggi | G87: ='B.kriteria & R.kecocokan'!$B$41 -> Rendah | H87: ='B.kriteria & R.kecocokan'!$B$72 -> Rendah | I87: ='B.kriteria & R.kecocokan'!$B$95 -> Rendah | J87: ='B.kriteria & R.kecocokan'!$B$80 -> Rendah | K87: ='B.kriteria & R.kecocokan'!$B$90 -> Sangat Sedikit | L87: ='B.kriteria & R.kecocokan'!$B$49 -> Rendah | M87: ='B.kriteria & R.kecocokan'!$B$57 -> Rendah | N87: ='B.kriteria & R.kecocokan'!$B$65 -> Rendah | O87: Tidak
A88: 85 | B88: =Penghasilan!B18 -> 3523152007120012 | C88: DWI PURWANTO | D88: 02 / 05 | E88: ='B.kriteria & R.kecocokan'!$B$23 -> Banyak | F88: ='B.kriteria & R.kecocokan'!$B$34 -> Tinggi | G88: ='B.kriteria & R.kecocokan'!$B$41 -> Rendah | H88: ='B.kriteria & R.kecocokan'!$B$72 -> Rendah | I88: ='B.kriteria & R.kecocokan'!$B$96 -> Tinggi | J88: ='B.kriteria & R.kecocokan'!$B$80 -> Rendah | K88: ='B.kriteria & R.kecocokan'!$B$90 -> Sangat Sedikit | L88: ='B.kriteria & R.kecocokan'!$B$49 -> Rendah | M88: ='B.kriteria & R.kecocokan'!$B$57 -> Rendah | N88: ='B.kriteria & R.kecocokan'!$B$65 -> Rendah | O88: Tidak
A89: 86 | B89: =Penghasilan!B21 -> 3523151309090186 | C89: ASTRO DJOYO WARAS | D89: 02 / 05 | E89: ='B.kriteria & R.kecocokan'!$B$25 -> Sedikit | F89: ='B.kriteria & R.kecocokan'!$B$34 -> Tinggi | G89: ='B.kriteria & R.kecocokan'!$B$41 -> Rendah | H89: ='B.kriteria & R.kecocokan'!$B$72 -> Rendah | I89: ='B.kriteria & R.kecocokan'!$B$95 -> Rendah | J89: ='B.kriteria & R.kecocokan'!$B$81 -> Tinggi | K89: ='B.kriteria & R.kecocokan'!$B$90 -> Sangat Sedikit | L89: ='B.kriteria & R.kecocokan'!$B$49 -> Rendah | M89: ='B.kriteria & R.kecocokan'!$B$57 -> Rendah | N89: ='B.kriteria & R.kecocokan'!$B$65 -> Rendah | O89: Layak
A90: 87 | B90: =Penghasilan!B20 -> 3523151409180003 | C90: MAMPUANTO | D90: 02 /05 | E90: ='B.kriteria & R.kecocokan'!$B$25 -> Sedikit | F90: ='B.kriteria & R.kecocokan'!$B$35 -> Sangat Tinggi | G90: ='B.kriteria & R.kecocokan'!$B$43 -> Tinggi | H90: ='B.kriteria & R.kecocokan'!$B$72 -> Rendah | I90: ='B.kriteria & R.kecocokan'!$B$95 -> Rendah | J90: ='B.kriteria & R.kecocokan'!$B$80 -> Rendah | K90: ='B.kriteria & R.kecocokan'!$B$89 -> Sedikit | L90: ='B.kriteria & R.kecocokan'!$B$49 -> Rendah | M90: ='B.kriteria & R.kecocokan'!$B$57 -> Rendah | N90: ='B.kriteria & R.kecocokan'!$B$65 -> Rendah | O90: Tidak
A91: 88 | B91: =Penghasilan!B8 -> 3523151403061499 | C91: MULYONO | D91: 02 /05 | E91: ='B.kriteria & R.kecocokan'!$B$25 -> Sedikit | F91: ='B.kriteria & R.kecocokan'!$B$35 -> Sangat Tinggi | G91: ='B.kriteria & R.kecocokan'!$B$41 -> Rendah | H91: ='B.kriteria & R.kecocokan'!$B$72 -> Rendah | I91: ='B.kriteria & R.kecocokan'!$B$95 -> Rendah | J91: ='B.kriteria & R.kecocokan'!$B$81 -> Tinggi | K91: ='B.kriteria & R.kecocokan'!$B$90 -> Sangat Sedikit | L91: ='B.kriteria & R.kecocokan'!$B$51 -> Tinggi | M91: ='B.kriteria & R.kecocokan'!$B$59 -> Tinggi | N91: ='B.kriteria & R.kecocokan'!$B$65 -> Rendah | O91: Layak
A92: 89 | B92: =Penghasilan!B6 -> 3523151309090184 | C92: KARNADI | D92: 02 / 05 | E92: ='B.kriteria & R.kecocokan'!$B$24 -> Cukup | F92: ='B.kriteria & R.kecocokan'!$B$34 -> Tinggi | G92: ='B.kriteria & R.kecocokan'!$B$41 -> Rendah | H92: ='B.kriteria & R.kecocokan'!$B$72 -> Rendah | I92: ='B.kriteria & R.kecocokan'!$B$95 -> Rendah | J92: ='B.kriteria & R.kecocokan'!$B$81 -> Tinggi | K92: ='B.kriteria & R.kecocokan'!$B$90 -> Sangat Sedikit | L92: ='B.kriteria & R.kecocokan'!$B$49 -> Rendah | M92: ='B.kriteria & R.kecocokan'!$B$57 -> Rendah | N92: ='B.kriteria & R.kecocokan'!$B$65 -> Rendah | O92: Tidak
A93: 90 | B93: =Penghasilan!B9 -> 3523151403061502 | C93: SUKARDI | D93: 02 / 05 | E93: ='B.kriteria & R.kecocokan'!$B$25 -> Sedikit | F93: ='B.kriteria & R.kecocokan'!$B$35 -> Sangat Tinggi | G93: ='B.kriteria & R.kecocokan'!$B$41 -> Rendah | H93: ='B.kriteria & R.kecocokan'!$B$72 -> Rendah | I93: ='B.kriteria & R.kecocokan'!$B$95 -> Rendah | J93: ='B.kriteria & R.kecocokan'!$B$81 -> Tinggi | K93: ='B.kriteria & R.kecocokan'!$B$90 -> Sangat Sedikit | L93: ='B.kriteria & R.kecocokan'!$B$51 -> Tinggi | M93: ='B.kriteria & R.kecocokan'!$B$59 -> Tinggi | N93: ='B.kriteria & R.kecocokan'!$B$65 -> Rendah | O93: Layak
A94: 91 | B94: =Penghasilan!B10 -> 3523151403061500 | C94: WARJANI | D94: 02 / 05 | E94: ='B.kriteria & R.kecocokan'!$B$25 -> Sedikit | F94: ='B.kriteria & R.kecocokan'!$B$34 -> Tinggi | G94: ='B.kriteria & R.kecocokan'!$B$41 -> Rendah | H94: ='B.kriteria & R.kecocokan'!$B$72 -> Rendah | I94: ='B.kriteria & R.kecocokan'!$B$95 -> Rendah | J94: ='B.kriteria & R.kecocokan'!$B$81 -> Tinggi | K94: ='B.kriteria & R.kecocokan'!$B$90 -> Sangat Sedikit | L94: ='B.kriteria & R.kecocokan'!$B$49 -> Rendah | M94: ='B.kriteria & R.kecocokan'!$B$58 -> Sedang | N94: ='B.kriteria & R.kecocokan'!$B$65 -> Rendah | O94: Layak
A95: 92 | B95: =Penghasilan!B11 -> 3523151403061497 | C95: MOCHAMMAD ISWANDI | D95: 02 / 05 | E95: ='B.kriteria & R.kecocokan'!$B$25 -> Sedikit | F95: ='B.kriteria & R.kecocokan'!$B$34 -> Tinggi | G95: ='B.kriteria & R.kecocokan'!$B$41 -> Rendah | H95: ='B.kriteria & R.kecocokan'!$B$72 -> Rendah | I95: ='B.kriteria & R.kecocokan'!$B$95 -> Rendah | J95: ='B.kriteria & R.kecocokan'!$B$80 -> Rendah | K95: ='B.kriteria & R.kecocokan'!$B$88 -> Sedang | L95: ='B.kriteria & R.kecocokan'!$B$49 -> Rendah | M95: ='B.kriteria & R.kecocokan'!$B$58 -> Sedang | N95: ='B.kriteria & R.kecocokan'!$B$65 -> Rendah | O95: Layak
A96: 93 | B96: =Penghasilan!B24 -> 3523151403061467 | C96: MOH . MAHKIN NAUFAL | D96: 02 / 05 | E96: ='B.kriteria & R.kecocokan'!$B$23 -> Banyak | F96: ='B.kriteria & R.kecocokan'!$B$34 -> Tinggi | G96: ='B.kriteria & R.kecocokan'!$B$41 -> Rendah | H96: ='B.kriteria & R.kecocokan'!$B$72 -> Rendah | I96: ='B.kriteria & R.kecocokan'!$B$95 -> Rendah | J96: ='B.kriteria & R.kecocokan'!$B$80 -> Rendah | K96: ='B.kriteria & R.kecocokan'!$B$88 -> Sedang | L96: ='B.kriteria & R.kecocokan'!$B$49 -> Rendah | M96: ='B.kriteria & R.kecocokan'!$B$57 -> Rendah | N96: ='B.kriteria & R.kecocokan'!$B$65 -> Rendah | O96: Tidak
C103: Perhitungan
C105: node Akar | E105: jumlah | F105: Layak | G105: Tidak Layak | H105: Entrophy | I105: Gain | K105: node 1.1.3 | M105: jumlah | N105: Layak | O105: Tidak Layak | P105: Entrophy | Q105: Gain
C106: total | E106: 93 | F106: =COUNTIFS(O4:O96,O95) -> 22 | G106: =COUNTIFS('t data &hitung c4.5'!O4:O96,'t data &hitung c4.5'!O96) -> 71 | H106: =((-F106/E106)*IMLOG2(F106/E106))+((-G106/E106)*IMLOG2(G106/E106)) -> 0.78927127 | K106: lansia ;tinggi | Penghasilan: Cukup | M106: =E159 -> 7 | N106: =F159 -> 1 | O106: =G159 -> 6 | P106: =((-N106/M106)*IMLOG2(N106/M106))+((-O106/M106)*IMLOG2(O106/M106)) -> 0.59167278
C107: Penghasilan | I107: =$H$106 - (((E108/$E$106)* H108)+((E109/$E$106)*H109)+((E110/$E$106) *H110)) -> 0.19047628 | K107: Luas Rumah | Q107: =$P$106 - (((M108/$M$106)* P108)+((M109/$M$106)*P109)) -> 0
D108: Banyak | E108: =COUNTIFS(E4:E96,E96) -> 23 | F108: =COUNTIFS(E4:E96,E96,O4:O96,O95) -> 0 | G108: =COUNTIFS(E4:E96,E96,O4:O96,O96) -> 23 | H108: 0 | L108: tinggi | M108: =COUNTIFS($F$4:$F$96,$F$96,$J$4:$J$96,$J$91,$E$4:$E$96,$E$92) -> 7 | N108: =COUNTIFS($F$4:$F$96,$F$96,$J$4:$J$96,$J$91,$E$4:$E$96,$E$92,$O$4:$O$96,$O$95) -> 1 | O108: =COUNTIFS($F$4:$F$96,$F$96,$J$4:$J$96,$J$91,$E$4:$E$96,$E$92,$O$4:$O$96,$O$96) -> 6 | P108: =((-N108/M108)*IMLOG2(N108/M108))+((-O108/M108)*IMLOG2(O108/M108)) -> 0.59167278
...

Sheet hitung c4.5 2
A2: No. | B2: No KK | C2: Nama Kepala Keluarga | D2: RT / RW | E2: Penghasilan | F2: Luas Rumah | G2: Status Kepemilikan Rumah | H2: Sumber Air | I2: ibu Hamil / menyusui | J2: lansia | K2: jumlah tanggungan (Anak) | L2: jenis dinding | M2: jenis lantai | N2: jenis atap | O2: Keputusan | P2: Keputusan Prekdisi | Q2: node Akar | S2: jumlah | T2: Layak | U2: Tidak Layak | V2: Entrophy | W2: Gain
A3: 1 | B3: 3523151708700001 | C3: MUHAMMAD ABIDIN | D3: 01 / 05 | E3: ='B.kriteria & R.kecocokan'!$B$24 -> Cukup | F3: ='B.kriteria & R.kecocokan'!$B$34 -> Tinggi | G3: ='B.kriteria & R.kecocokan'!$B$41 -> Rendah | H3: ='B.kriteria & R.kecocokan'!$B$72 -> Rendah | I3: ='B.kriteria & R.kecocokan'!$B$95 -> Rendah | J3: ='B.kriteria & R.kecocokan'!$B$80 -> Rendah | K3: ='B.kriteria & R.kecocokan'!$B$89 -> Sedikit | L3: ='B.kriteria & R.kecocokan'!$B$49 -> Rendah | M3: ='B.kriteria & R.kecocokan'!$B$57 -> Rendah | N3: ='B.kriteria & R.kecocokan'!$B$65 -> Rendah | O3: Tidak | P3: =_xlfn.IFS(M3="Rendah","Tidak",M3="Tinggi","Layak",M3="sedang",IF(OR(K3="Sedang",K3="Sangat Sedikit"),"Layak",IF(F3="Sangat Tinggi","Layak"," Tidak"))) -> Tidak | Q3: total | S3: 93 | T3: =COUNTIF($O$3:$O$95,$O$88) -> 22 | U3: =COUNTIF($O$3:$O$95,$O$4) -> 71 | V3: =((-T3/S3)*IMLOG2(T3/S3))+((-U3/S3)*IMLOG2(U3/S3)) -> 0.78927127
A4: 2 | B4: 3523151403061494 | C4: MULYONO | D4: 01 / 05 | E4: ='B.kriteria & R.kecocokan'!$B$24 -> Cukup | F4: ='B.kriteria & R.kecocokan'!$B$34 -> Tinggi | G4: ='B.kriteria & R.kecocokan'!$B$41 -> Rendah | H4: ='B.kriteria & R.kecocokan'!$B$72 -> Rendah | I4: ='B.kriteria & R.kecocokan'!$B$95 -> Rendah | J4: ='B.kriteria & R.kecocokan'!$B$81 -> Tinggi | K4: ='B.kriteria & R.kecocokan'!$B$90 -> Sangat Sedikit | L4: ='B.kriteria & R.kecocokan'!$B$49 -> Rendah | M4: ='B.kriteria & R.kecocokan'!$B$57 -> Rendah | N4: ='B.kriteria & R.kecocokan'!$B$65 -> Rendah | O4: Tidak | P4: =_xlfn.IFS(M4="Rendah","Tidak",M4="Tinggi","Layak",M4="sedang",IF(OR(K4="Sedang",K4="Sangat Sedikit"),"Layak",IF(F4="Sangat Tinggi","Layak"," Tidak"))) -> Tidak | Q4: Penghasilan | W4: =$V$3 - ((S5/$S$3*V5) +(S6/$S$3*V6) +(S7/$S$3*V7)) -> 0.19047628
A5: 3 | B5: 3523150803680008 | C5: CAMPUN | D5: 01 / 05 | E5: ='B.kriteria & R.kecocokan'!$B$23 -> Banyak | F5: ='B.kriteria & R.kecocokan'!$B$34 -> Tinggi | G5: ='B.kriteria & R.kecocokan'!$B$41 -> Rendah | H5: ='B.kriteria & R.kecocokan'!$B$72 -> Rendah | I5: ='B.kriteria & R.kecocokan'!$B$95 -> Rendah | J5: ='B.kriteria & R.kecocokan'!$B$80 -> Rendah | K5: ='B.kriteria & R.kecocokan'!$B$90 -> Sangat Sedikit | L5: ='B.kriteria & R.kecocokan'!$B$49 -> Rendah | M5: ='B.kriteria & R.kecocokan'!$B$57 -> Rendah | N5: ='B.kriteria & R.kecocokan'!$B$65 -> Rendah | O5: Tidak | P5: =_xlfn.IFS(M5="Rendah","Tidak",M5="Tinggi","Layak",M5="sedang",IF(OR(K5="Sedang",K5="Sangat Sedikit"),"Layak",IF(F5="Sangat Tinggi","Layak"," Tidak"))) -> Tidak | R5: Banyak | S5: =COUNTIFS($E$3:$E$95,$E$73) -> 23 | T5: =COUNTIFS($E$3:$E$95,$E$87,$O$3:$O$95,$O$88) -> 0 | U5: =COUNTIFS($E$3:$E$95,$E$87,$O$3:$O$95,$O$11) -> 23 | V5: 0
A6: 4 | B6: 3523152312110002 | C6: SUNTONO | D6: 01 / 05 | E6: ='B.kriteria & R.kecocokan'!$B$24 -> Cukup | F6: ='B.kriteria & R.kecocokan'!$B$34 -> Tinggi | G6: ='B.kriteria & R.kecocokan'!$B$41 -> Rendah | H6: ='B.kriteria & R.kecocokan'!$B$72 -> Rendah | I6: ='B.kriteria & R.kecocokan'!$B$95 -> Rendah | J6: ='B.kriteria & R.kecocokan'!$B$80 -> Rendah | K6: ='B.kriteria & R.kecocokan'!$B$89 -> Sedikit | L6: ='B.kriteria & R.kecocokan'!$B$49 -> Rendah | M6: ='B.kriteria & R.kecocokan'!$B$57 -> Rendah | N6: ='B.kriteria & R.kecocokan'!$B$65 -> Rendah | O6: Tidak | P6: =_xlfn.IFS(M6="Rendah","Tidak",M6="Tinggi","Layak",M6="sedang",IF(OR(K6="Sedang",K6="Sangat Sedikit"),"Layak",IF(F6="Sangat Tinggi","Layak"," Tidak"))) -> Tidak | R6: cukup | S6: =COUNTIF($E$3:$E$95,$E$86) -> 35 | T6: =COUNTIFS($E$3:$E$95,$E$86,$O$3:$O$95,$O$90) -> 5 | U6: =COUNTIFS($E$3:$E$95,$E$86,$O$3:$O$95,$O$4) -> 30 | V6: =((-T6/S6)*IMLOG2(T6/S6))+((-U6/S6)*IMLOG2(U6/S6)) -> 0.59167278
A7: 5 | B7: =Penghasilan!B18 -> 3523152007120012 | C7: DEDDY MUDHIATAMA | D7: 02 / 05 | E7: ='B.kriteria & R.kecocokan'!$B$24 -> Cukup | F7: ='B.kriteria & R.kecocokan'!$B$34 -> Tinggi | G7: ='B.kriteria & R.kecocokan'!$B$41 -> Rendah | H7: ='B.kriteria & R.kecocokan'!$B$72 -> Rendah | I7: ='B.kriteria & R.kecocokan'!$B$95 -> Rendah | J7: ='B.kriteria & R.kecocokan'!$B$80 -> Rendah | K7: ='B.kriteria & R.kecocokan'!$B$88 -> Sedang | L7: ='B.kriteria & R.kecocokan'!$B$49 -> Rendah | M7: ='B.kriteria & R.kecocokan'!$B$57 -> Rendah | N7: ='B.kriteria & R.kecocokan'!$B$65 -> Rendah | O7: Tidak | P7: =_xlfn.IFS(M7="Rendah","Tidak",M7="Tinggi","Layak",M7="sedang",IF(OR(K7="Sedang",K7="Sangat Sedikit"),"Layak",IF(F7="Sangat Tinggi","Layak"," Tidak"))) -> Tidak | R7: sedikit | S7: =COUNTIFS($E$3:$E$95,$E$83) -> 35 | T7: =COUNTIFS($E$3:$E$95,$E$83,$O$3:$O$95,$O$85) -> 17 | U7: =COUNTIFS($E$3:$E$95,$E$83,$O$3:$O$95,$O$8) -> 18 | V7: =((-T7/S7)*IMLOG2(T7/S7))+((-U7/S7)*IMLOG2(U7/S7)) -> 0.99941106
A8: 6 | B8: 3523153010120005 | C8: IWAN SUGIYANTO | D8: 01 / 05 | E8: ='B.kriteria & R.kecocokan'!$B$23 -> Banyak | F8: ='B.kriteria & R.kecocokan'!$B$34 -> Tinggi | G8: ='B.kriteria & R.kecocokan'!$B$41 -> Rendah | H8: ='B.kriteria & R.kecocokan'!$B$72 -> Rendah | I8: ='B.kriteria & R.kecocokan'!$B$95 -> Rendah | J8: ='B.kriteria & R.kecocokan'!$B$80 -> Rendah | K8: ='B.kriteria & R.kecocokan'!$B$89 -> Sedikit | L8: ='B.kriteria & R.kecocokan'!$B$49 -> Rendah | M8: ='B.kriteria & R.kecocokan'!$B$57 -> Rendah | N8: ='B.kriteria & R.kecocokan'!$B$65 -> Rendah | O8: Tidak | P8: =_xlfn.IFS(M8="Rendah","Tidak",M8="Tinggi","Layak",M8="sedang",IF(OR(K8="Sedang",K8="Sangat Sedikit"),"Layak",IF(F8="Sangat Tinggi","Layak"," Tidak"))) -> Tidak | S8: =SUM(S5:S7) -> 93 | T8: =SUM(T5:T7) -> 22 | U8: =SUM(U5:U7) -> 71
A9: 7 | B9: 3523151005780008 | C9: MUNIR MUSTAQIM | D9: 01 / 05 | E9: ='B.kriteria & R.kecocokan'!$B$23 -> Banyak | F9: ='B.kriteria & R.kecocokan'!$B$34 -> Tinggi | G9: ='B.kriteria & R.kecocokan'!$B$41 -> Rendah | H9: ='B.kriteria & R.kecocokan'!$B$72 -> Rendah | I9: ='B.kriteria & R.kecocokan'!$B$95 -> Rendah | J9: ='B.kriteria & R.kecocokan'!$B$81 -> Tinggi | K9: ='B.kriteria & R.kecocokan'!$B$88 -> Sedang | L9: ='B.kriteria & R.kecocokan'!$B$49 -> Rendah | M9: ='B.kriteria & R.kecocokan'!$B$57 -> Rendah | N9: ='B.kriteria & R.kecocokan'!$B$65 -> Rendah | O9: Tidak | P9: =_xlfn.IFS(M9="Rendah","Tidak",M9="Tinggi","Layak",M9="sedang",IF(OR(K9="Sedang",K9="Sangat Sedikit"),"Layak",IF(F9="Sangat Tinggi","Layak"," Tidak"))) -> Tidak | Q9: Luas Rumah | W9: =$V$3 - ((S10/$S$3*V10) +(S11/$S$3*V11)) -> 0.10819547
A10: 8 | B10: 3523155002670004 | C10: KASMINI | D10: 01 / 05 | E10: ='B.kriteria & R.kecocokan'!$B$24 -> Cukup | F10: ='B.kriteria & R.kecocokan'!$B$34 -> Tinggi | G10: ='B.kriteria & R.kecocokan'!$B$41 -> Rendah | H10: ='B.kriteria & R.kecocokan'!$B$72 -> Rendah | I10: ='B.kriteria & R.kecocokan'!$B$95 -> Rendah | J10: ='B.kriteria & R.kecocokan'!$B$80 -> Rendah | K10: ='B.kriteria & R.kecocokan'!$B$89 -> Sedikit | L10: ='B.kriteria & R.kecocokan'!$B$49 -> Rendah | M10: ='B.kriteria & R.kecocokan'!$B$57 -> Rendah | N10: ='B.kriteria & R.kecocokan'!$B$65 -> Rendah | O10: Tidak | P10: =_xlfn.IFS(M10="Rendah","Tidak",M10="Tinggi","Layak",M10="sedang",IF(OR(K10="Sedang",K10="Sangat Sedikit"),"Layak",IF(F10="Sangat Tinggi","Layak"," Tidak"))) -> Tidak | R10: tinggi | S10: =COUNTIFS($F$3:$F$95,$F$3) -> 77 | T10: =COUNTIFS($F$3:$F$95,$F$3,$O$3:$O$95,$O$81) -> 12 | U10: =COUNTIFS($F$3:$F$95,$F$3,$O$3:$O$95,$O$4) -> 65 | V10: =((-T10/S10)*IMLOG2(T10/S10))+((-U10/S10)*IMLOG2(U10/S10)) -> 0.6242741
A11: 9 | B11: =Penghasilan!B66 -> No KK | C11: MOKH YUSUF | D11: 01 / 05 | E11: ='B.kriteria & R.kecocokan'!$B$24 -> Cukup | F11: ='B.kriteria & R.kecocokan'!$B$34 -> Tinggi | G11: ='B.kriteria & R.kecocokan'!$B$43 -> Tinggi | H11: ='B.kriteria & R.kecocokan'!$B$72 -> Rendah | I11: ='B.kriteria & R.kecocokan'!$B$95 -> Rendah | J11: ='B.kriteria & R.kecocokan'!$B$80 -> Rendah | K11: ='B.kriteria & R.kecocokan'!$B$88 -> Sedang | L11: ='B.kriteria & R.kecocokan'!$B$49 -> Rendah | M11: ='B.kriteria & R.kecocokan'!$B$57 -> Rendah | N11: ='B.kriteria & R.kecocokan'!$B$65 -> Rendah | O11: Tidak | P11: =_xlfn.IFS(M11="Rendah","Tidak",M11="Tinggi","Layak",M11="sedang",IF(OR(K11="Sedang",K11="Sangat Sedikit"),"Layak",IF(F11="Sangat Tinggi","Layak"," Tidak"))) -> Tidak | R11: Sangat tinggi | S11: =COUNTIFS($F$3:$F$95,$F$16) -> 16 | T11: =COUNTIFS($F$3:$F$95,$F$16,$O$3:$O$95,$O$13) -> 10 | U11: =COUNTIFS($F$3:$F$95,$F$16,$O$3:$O$95,$O$9) -> 6 | V11: =((-T11/S11)*IMLOG2(T11/S11))+((-U11/S11)*IMLOG2(U11/S11)) -> 0.954434
A12: 10 | B12: 3523151403061495 | C12: TARNO | D12: 01 / 05 | E12: ='B.kriteria & R.kecocokan'!$B$24 -> Cukup | F12: ='B.kriteria & R.kecocokan'!$B$34 -> Tinggi | G12: ='B.kriteria & R.kecocokan'!$B$41 -> Rendah | H12: ='B.kriteria & R.kecocokan'!$B$72 -> Rendah | I12: ='B.kriteria & R.kecocokan'!$B$95 -> Rendah | J12: ='B.kriteria & R.kecocokan'!$B$81 -> Tinggi | K12: ='B.kriteria & R.kecocokan'!$B$90 -> Sangat Sedikit | L12: ='B.kriteria & R.kecocokan'!$B$49 -> Rendah | M12: ='B.kriteria & R.kecocokan'!$B$57 -> Rendah | N12: ='B.kriteria & R.kecocokan'!$B$65 -> Rendah | O12: Layak | P12: =_xlfn.IFS(M12="Rendah","Tidak",M12="Tinggi","Layak",M12="sedang",IF(OR(K12="Sedang",K12="Sangat Sedikit"),"Layak",IF(F12="Sangat Tinggi","Layak"," Tidak"))) -> Tidak | S12: =SUM(S10:S11) -> 93 | T12: =SUM(T10:T11) -> 22 | U12: =SUM(U10:U11) -> 71
A13: 11 | B13: 3523151403061490 | C13: MURSID | D13: 01 / 05 | E13: ='B.kriteria & R.kecocokan'!$B$25 -> Sedikit | F13: ='B.kriteria & R.kecocokan'!$B$34 -> Tinggi | G13: ='B.kriteria & R.kecocokan'!$B$41 -> Rendah | H13: ='B.kriteria & R.kecocokan'!$B$72 -> Rendah | I13: ='B.kriteria & R.kecocokan'!$B$95 -> Rendah | J13: ='B.kriteria & R.kecocokan'!$B$81 -> Tinggi | K13: ='B.kriteria & R.kecocokan'!$B$90 -> Sangat Sedikit | L13: ='B.kriteria & R.kecocokan'!$B$50 -> Sedang | M13: ='B.kriteria & R.kecocokan'!$B$58 -> Sedang | N13: ='B.kriteria & R.kecocokan'!$B$66 -> Sedang | O13: Layak | P13: =_xlfn.IFS(M13="Rendah","Tidak",M13="Tinggi","Layak",M13="sedang",IF(OR(K13="Sedang",K13="Sangat Sedikit"),"Layak",IF(F13="Sangat Tinggi","Layak"," Tidak"))) -> Layak | Q13: Status pemilikan rumah | W13: =$V$3 - ((S14/$S$3*V14) +(S15/$S$3*V15)) -> 0.049504251
A14: 12 | B14: 3523151403061489 | C14: ABDUL MAJID | D14: 01 / 05 | E14: ='B.kriteria & R.kecocokan'!$B$24 -> Cukup | F14: ='B.kriteria & R.kecocokan'!$B$34 -> Tinggi | G14: ='B.kriteria & R.kecocokan'!$B$41 -> Rendah | H14: ='B.kriteria & R.kecocokan'!$B$72 -> Rendah | I14: ='B.kriteria & R.kecocokan'!$B$95 -> Rendah | J14: ='B.kriteria & R.kecocokan'!$B$81 -> Tinggi | K14: ='B.kriteria & R.kecocokan'!$B$90 -> Sangat Sedikit | L14: ='B.kriteria & R.kecocokan'!$B$49 -> Rendah | M14: ='B.kriteria & R.kecocokan'!$B$57 -> Rendah | N14: ='B.kriteria & R.kecocokan'!$B$65 -> Rendah | O14: Tidak | P14: =_xlfn.IFS(M14="Rendah","Tidak",M14="Tinggi","Layak",M14="sedang",IF(OR(K14="Sedang",K14="Sangat Sedikit"),"Layak",IF(F14="Sangat Tinggi","Layak"," Tidak"))) -> Tidak | R14: Rendah | S14: =COUNTIFS($G$3:$G$95,$G$3) -> 82 | T14: =COUNTIFS($G$3:$G$95,$G$3,$O$3:$O$95,$O$13) -> 22 | U14: =COUNTIFS($G$3:$G$95,$G$3,$O$3:$O$95,$O$11) -> 60 | V14: =((-T14/S14)*IMLOG2(T14/S14))+((-U14/S14)*IMLOG2(U14/S14)) -> 0.83900406
A15: 13 | B15: 3523151210160002 | C15: SUGENG WAHONO | D15: 01 / 05 | E15: ='B.kriteria & R.kecocokan'!$B$24 -> Cukup | F15: ='B.kriteria & R.kecocokan'!$B$34 -> Tinggi | G15: ='B.kriteria & R.kecocokan'!$B$43 -> Tinggi | H15: ='B.kriteria & R.kecocokan'!$B$72 -> Rendah | I15: ='B.kriteria & R.kecocokan'!$B$95 -> Rendah | J15: ='B.kriteria & R.kecocokan'!$B$80 -> Rendah | K15: ='B.kriteria & R.kecocokan'!$B$88 -> Sedang | L15: ='B.kriteria & R.kecocokan'!$B$49 -> Rendah | M15: ='B.kriteria & R.kecocokan'!$B$57 -> Rendah | N15: ='B.kriteria & R.kecocokan'!$B$65 -> Rendah | O15: Tidak | P15: =_xlfn.IFS(M15="Rendah","Tidak",M15="Tinggi","Layak",M15="sedang",IF(OR(K15="Sedang",K15="Sangat Sedikit"),"Layak",IF(F15="Sangat Tinggi","Layak"," Tidak"))) -> Tidak | R15: tinggi | S15: =COUNTIFS($G$3:$G$95,$G$89) -> 11 | T15: =COUNTIFS($G$3:$G$95,$G$29,$O$3:$O$95,$O$13) -> 0 | U15: =COUNTIFS($G$3:$G$95,$G$29,$O$3:$O$95,$O$7) -> 11 | V15: 0
A16: 14 | B16: 3523153012090392 | C16: TAMIN | D16: 01 / 05 | E16: ='B.kriteria & R.kecocokan'!$B$24 -> Cukup | F16: ='B.kriteria & R.kecocokan'!$B$35 -> Sangat Tinggi | G16: ='B.kriteria & R.kecocokan'!$B$41 -> Rendah | H16: ='B.kriteria & R.kecocokan'!$B$72 -> Rendah | I16: ='B.kriteria & R.kecocokan'!$B$95 -> Rendah | J16: ='B.kriteria & R.kecocokan'!$B$80 -> Rendah | K16: ='B.kriteria & R.kecocokan'!$B$89 -> Sedikit | L16: ='B.kriteria & R.kecocokan'!$B$49 -> Rendah | M16: ='B.kriteria & R.kecocokan'!$B$58 -> Sedang | N16: ='B.kriteria & R.kecocokan'!$B$65 -> Rendah | O16: Tidak | P16: =_xlfn.IFS(M16="Rendah","Tidak",M16="Tinggi","Layak",M16="sedang",IF(OR(K16="Sedang",K16="Sangat Sedikit"),"Layak",IF(F16="Sangat Tinggi","Layak"," Tidak"))) -> Layak | S16: =SUM(S14:S15) -> 93 | T16: =SUM(T14:T15) -> 22 | U16: =SUM(U14:U15) -> 71
A17: 15 | B17: 3523153112090174 | C17: ABDUH NAHLIAN | D17: 01 / 05 | E17: ='B.kriteria & R.kecocokan'!$B$23 -> Banyak | F17: ='B.kriteria & R.kecocokan'!$B$35 -> Sangat Tinggi | G17: ='B.kriteria & R.kecocokan'!$B$41 -> Rendah | H17: ='B.kriteria & R.kecocokan'!$B$72 -> Rendah | I17: ='B.kriteria & R.kecocokan'!$B$95 -> Rendah | J17: ='B.kriteria & R.kecocokan'!$B$80 -> Rendah | K17: ='B.kriteria & R.kecocokan'!$B$88 -> Sedang | L17: ='B.kriteria & R.kecocokan'!$B$49 -> Rendah | M17: ='B.kriteria & R.kecocokan'!$B$57 -> Rendah | N17: ='B.kriteria & R.kecocokan'!$B$65 -> Rendah | O17: Tidak | P17: =_xlfn.IFS(M17="Rendah","Tidak",M17="Tinggi","Layak",M17="sedang",IF(OR(K17="Sedang",K17="Sangat Sedikit"),"Layak",IF(F17="Sangat Tinggi","Layak"," Tidak"))) -> Tidak | Q17: sumber air | W17: =$V$3 - ((S18/$S$3*V18) +(S19/$S$3*V19)) -> 0.022636986
A18: 16 | B18: 3523151403061485 | C18: TARMUDJI | D18: 01 / 05 | E18: ='B.kriteria & R.kecocokan'!$B$24 -> Cukup | F18: ='B.kriteria & R.kecocokan'!$B$34 -> Tinggi | G18: ='B.kriteria & R.kecocokan'!$B$41 -> Rendah | H18: ='B.kriteria & R.kecocokan'!$B$72 -> Rendah | I18: ='B.kriteria & R.kecocokan'!$B$95 -> Rendah | J18: ='B.kriteria & R.kecocokan'!$B$81 -> Tinggi | K18: ='B.kriteria & R.kecocokan'!$B$90 -> Sangat Sedikit | L18: ='B.kriteria & R.kecocokan'!$B$49 -> Rendah | M18: ='B.kriteria & R.kecocokan'!$B$57 -> Rendah | N18: ='B.kriteria & R.kecocokan'!$B$65 -> Rendah | O18: Tidak | P18: =_xlfn.IFS(M18="Rendah","Tidak",M18="Tinggi","Layak",M18="sedang",IF(OR(K18="Sedang",K18="Sangat Sedikit"),"Layak",IF(F18="Sangat Tinggi","Layak"," Tidak"))) -> Tidak | R18: Rendah | S18: =COUNTIFS($H$3:$H$95,$H$3) -> 92 | T18: =COUNTIFS($H$3:$H$95,$H$3,$O$3:$O$95,$O$90) -> 21 | U18: =COUNTIFS($H$3:$H$95,$H$3,$O$3:$O$95,$O$9) -> 71 | V18: =((-T18/S18)*IMLOG2(T18/S18))+((-U18/S18)*IMLOG2(U18/S18)) -> 0.77496727
A19: 17 | B19: 3523150305120003 | C19: SUWANTO | D19: 01 / 05 | E19: ='B.kriteria & R.kecocokan'!$B$24 -> Cukup | F19: ='B.kriteria & R.kecocokan'!$B$35 -> Sangat Tinggi | G19: ='B.kriteria & R.kecocokan'!$B$41 -> Rendah | H19: ='B.kriteria & R.kecocokan'!$B$72 -> Rendah | I19: ='B.kriteria & R.kecocokan'!$B$95 -> Rendah | J19: ='B.kriteria & R.kecocokan'!$B$80 -> Rendah | K19: ='B.kriteria & R.kecocokan'!$B$88 -> Sedang | L19: ='B.kriteria & R.kecocokan'!$B$51 -> Tinggi | M19: ='B.kriteria & R.kecocokan'!$B$58 -> Sedang | N19: ='B.kriteria & R.kecocokan'!$B$65 -> Rendah | O19: Layak | P19: =_xlfn.IFS(M19="Rendah","Tidak",M19="Tinggi","Layak",M19="sedang",IF(OR(K19="Sedang",K19="Sangat Sedikit"),"Layak",IF(F19="Sangat Tinggi","Layak"," Tidak"))) -> Layak | R19: tinggi | S19: =COUNTIFS($H$3:$H$95,$H$37) -> 1 | T19: =COUNTIFS($H$3:$H$95,$H$37,$O$3:$O$95,$O$33) -> 1 | U19: =COUNTIFS($H$3:$H$95,$H$37,$O$3:$O$95,$O$11) -> 0 | V19: 0
A20: 18 | B20: 3523153112090228 | C20: KASIMO | D20: 01 / 05 | E20: ='B.kriteria & R.kecocokan'!$B$24 -> Cukup | F20: ='B.kriteria & R.kecocokan'!$B$35 -> Sangat Tinggi | G20: ='B.kriteria & R.kecocokan'!$B$41 -> Rendah | H20: ='B.kriteria & R.kecocokan'!$B$72 -> Rendah | I20: ='B.kriteria & R.kecocokan'!$B$95 -> Rendah | J20: ='B.kriteria & R.kecocokan'!$B$80 -> Rendah | K20: ='B.kriteria & R.kecocokan'!$B$88 -> Sedang | L20: ='B.kriteria & R.kecocokan'!$B$50 -> Sedang | M20: ='B.kriteria & R.kecocokan'!$B$58 -> Sedang | N20: ='B.kriteria & R.kecocokan'!$B$65 -> Rendah | O20: Layak | P20: =_xlfn.IFS(M20="Rendah","Tidak",M20="Tinggi","Layak",M20="sedang",IF(OR(K20="Sedang",K20="Sangat Sedikit"),"Layak",IF(F20="Sangat Tinggi","Layak"," Tidak"))) -> Layak | S20: =SUM(S18:S19) -> 93 | T20: =SUM(T18:T19) -> 22 | U20: =SUM(U18:U19) -> 71
A21: 19 | B21: 3523152608190006 | C21: KASMINAH | D21: 01 / 05 | E21: ='B.kriteria & R.kecocokan'!$B$25 -> Sedikit | F21: ='B.kriteria & R.kecocokan'!$B$34 -> Tinggi | G21: ='B.kriteria & R.kecocokan'!$B$41 -> Rendah | H21: ='B.kriteria & R.kecocokan'!$B$72 -> Rendah | I21: ='B.kriteria & R.kecocokan'!$B$95 -> Rendah | J21: ='B.kriteria & R.kecocokan'!$B$81 -> Tinggi | K21: ='B.kriteria & R.kecocokan'!$B$90 -> Sangat Sedikit | L21: ='B.kriteria & R.kecocokan'!$B$49 -> Rendah | M21: ='B.kriteria & R.kecocokan'!$B$58 -> Sedang | N21: ='B.kriteria & R.kecocokan'!$B$65 -> Rendah | O21: Layak | P21: =_xlfn.IFS(M21="Rendah","Tidak",M21="Tinggi","Layak",M21="sedang",IF(OR(K21="Sedang",K21="Sangat Sedikit"),"Layak",IF(F21="Sangat Tinggi","Layak"," Tidak"))) -> Layak | Q21: ibu hamil / menyusui | W21: =$V$3 - ((S22/$S$3*V22) +(S23/$S$3*V23)) -> 0.0084795614
A22: 20 | B22: 3523150603820007 | C22: DIDIK PRIANTO | D22: 01 / 05 | E22: ='B.kriteria & R.kecocokan'!$B$24 -> Cukup | F22: ='B.kriteria & R.kecocokan'!$B$34 -> Tinggi | G22: ='B.kriteria & R.kecocokan'!$B$41 -> Rendah | H22: ='B.kriteria & R.kecocokan'!$B$72 -> Rendah | I22: ='B.kriteria & R.kecocokan'!$B$95 -> Rendah | J22: ='B.kriteria & R.kecocokan'!$B$80 -> Rendah | K22: ='B.kriteria & R.kecocokan'!$B$89 -> Sedikit | L22: ='B.kriteria & R.kecocokan'!$B$49 -> Rendah | M22: ='B.kriteria & R.kecocokan'!$B$58 -> Sedang | N22: ='B.kriteria & R.kecocokan'!$B$65 -> Rendah | O22: Tidak | P22: =_xlfn.IFS(M22="Rendah","Tidak",M22="Tinggi","Layak",M22="sedang",IF(OR(K22="Sedang",K22="Sangat Sedikit"),"Layak",IF(F22="Sangat Tinggi","Layak"," Tidak"))) -> Tidak | R22: Rendah | S22: =COUNTIFS($I$3:$I$95,$I$88) -> 91 | T22: =COUNTIFS($I$3:$I$95,$I$88,$O$3:$O$95,$O$13) -> 22 | U22: =COUNTIFS($I$3:$I$95,$I$88,$O$3:$O$95,$O$8) -> 69 | V22: =((-T22/S22)*IMLOG2(T22/S22))+((-U22/S22)*IMLOG2(U22/S22)) -> 0.79795197
A23: 21 | B23: 3523151403061487 | C23: DASMIATI | D23: 01 / 05 | E23: ='B.kriteria & R.kecocokan'!$B$25 -> Sedikit | F23: ='B.kriteria & R.kecocokan'!$B$35 -> Sangat Tinggi | G23: ='B.kriteria & R.kecocokan'!$B$41 -> Rendah | H23: ='B.kriteria & R.kecocokan'!$B$72 -> Rendah | I23: ='B.kriteria & R.kecocokan'!$B$95 -> Rendah | J23: ='B.kriteria & R.kecocokan'!$B$81 -> Tinggi | K23: ='B.kriteria & R.kecocokan'!$B$90 -> Sangat Sedikit | L23: ='B.kriteria & R.kecocokan'!$B$49 -> Rendah | M23: ='B.kriteria & R.kecocokan'!$B$58 -> Sedang | N23: ='B.kriteria & R.kecocokan'!$B$65 -> Rendah | O23: Layak | P23: =_xlfn.IFS(M23="Rendah","Tidak",M23="Tinggi","Layak",M23="sedang",IF(OR(K23="Sedang",K23="Sangat Sedikit"),"Layak",IF(F23="Sangat Tinggi","Layak"," Tidak"))) -> Layak | R23: tinggi | S23: =COUNTIFS($I$3:$I$95,$I$82) -> 2 | T23: =COUNTIFS($I$3:$I$95,$I$82,$O$3:$O$95,$O$13) -> 0 | U23: =COUNTIFS($I$3:$I$95,$I$82,$O$3:$O$95,$O$9) -> 2 | V23: 0
A24: 22 | B24: 3523153112090184 | C24: IMAM KHOIRI | D24: 01 / 05 | E24: ='B.kriteria & R.kecocokan'!$B$23 -> Banyak | F24: ='B.kriteria & R.kecocokan'!$B$34 -> Tinggi | G24: ='B.kriteria & R.kecocokan'!$B$41 -> Rendah | H24: ='B.kriteria & R.kecocokan'!$B$72 -> Rendah | I24: ='B.kriteria & R.kecocokan'!$B$95 -> Rendah | J24: ='B.kriteria & R.kecocokan'!$B$80 -> Rendah | K24: ='B.kriteria & R.kecocokan'!$B$88 -> Sedang | L24: ='B.kriteria & R.kecocokan'!$B$49 -> Rendah | M24: ='B.kriteria & R.kecocokan'!$B$57 -> Rendah | N24: ='B.kriteria & R.kecocokan'!$B$65 -> Rendah | O24: Tidak | P24: =_xlfn.IFS(M24="Rendah","Tidak",M24="Tinggi","Layak",M24="sedang",IF(OR(K24="Sedang",K24="Sangat Sedikit"),"Layak",IF(F24="Sangat Tinggi","Layak"," Tidak"))) -> Tidak | S24: =SUM(S22:S23) -> 93 | T24: =SUM(T22:T23) -> 22 | U24: =SUM(U22:U23) -> 71
A25: 23 | B25: 3523151403061482 | C25: IMAM TOKO | D25: 01 / 05 | E25: ='B.kriteria & R.kecocokan'!$B$24 -> Cukup | F25: ='B.kriteria & R.kecocokan'!$B$34 -> Tinggi | G25: ='B.kriteria & R.kecocokan'!$B$41 -> Rendah | H25: ='B.kriteria & R.kecocokan'!$B$72 -> Rendah | I25: ='B.kriteria & R.kecocokan'!$B$95 -> Rendah | J25: ='B.kriteria & R.kecocokan'!$B$80 -> Rendah | K25: ='B.kriteria & R.kecocokan'!$B$88 -> Sedang | L25: ='B.kriteria & R.kecocokan'!$B$49 -> Rendah | M25: ='B.kriteria & R.kecocokan'!$B$57 -> Rendah | N25: ='B.kriteria & R.kecocokan'!$B$65 -> Rendah | O25: Tidak | P25: =_xlfn.IFS(M25="Rendah","Tidak",M25="Tinggi","Layak",M25="sedang",IF(OR(K25="Sedang",K25="Sangat Sedikit"),"Layak",IF(F25="Sangat Tinggi","Layak"," Tidak"))) -> Tidak | Q25: lansia | W25: =$V$3 - ((S26/$S$3*V26) +(S27/$S$3*V27)) -> 0.09402421
A26: 24 | B26: 3523150212140009 | C26: TUTIK | D26: 01 / 05 | E26: ='B.kriteria & R.kecocokan'!$B$24 -> Cukup | F26: ='B.kriteria & R.kecocokan'!$B$35 -> Sangat Tinggi | G26: ='B.kriteria & R.kecocokan'!$B$41 -> Rendah | H26: ='B.kriteria & R.kecocokan'!$B$72 -> Rendah | I26: ='B.kriteria & R.kecocokan'!$B$95 -> Rendah | J26: ='B.kriteria & R.kecocokan'!$B$80 -> Rendah | K26: ='B.kriteria & R.kecocokan'!$B$88 -> Sedang | L26: ='B.kriteria & R.kecocokan'!$B$49 -> Rendah | M26: ='B.kriteria & R.kecocokan'!$B$57 -> Rendah | N26: ='B.kriteria & R.kecocokan'!$B$65 -> Rendah | O26: Tidak | P26: =_xlfn.IFS(M26="Rendah","Tidak",M26="Tinggi","Layak",M26="sedang",IF(OR(K26="Sedang",K26="Sangat Sedikit"),"Layak",IF(F26="Sangat Tinggi","Layak"," Tidak"))) -> Tidak | R26: rendah | S26: =COUNTIFS($J$3:$J$95,$J$3) -> 55 | T26: =COUNTIFS($J$3:$J$95,$J$3,$O$3:$O$95,$O$12) -> 6 | U26: =COUNTIFS($J$3:$J$95,$J$3,$O$3:$O$95,$O$22) -> 49 | V26: =((-T26/S26)*IMLOG2(T26/S26))+((-U26/S26)*IMLOG2(U26/S26)) -> 0.49716776
A27: 25 | B27: 3523151403061478 | C27: RAKIJAH | D27: 01 / 05 | E27: ='B.kriteria & R.kecocokan'!$B$25 -> Sedikit | F27: ='B.kriteria & R.kecocokan'!$B$35 -> Sangat Tinggi | G27: ='B.kriteria & R.kecocokan'!$B$41 -> Rendah | H27: ='B.kriteria & R.kecocokan'!$B$72 -> Rendah | I27: ='B.kriteria & R.kecocokan'!$B$95 -> Rendah | J27: ='B.kriteria & R.kecocokan'!$B$81 -> Tinggi | K27: ='B.kriteria & R.kecocokan'!$B$90 -> Sangat Sedikit | L27: ='B.kriteria & R.kecocokan'!$B$49 -> Rendah | M27: ='B.kriteria & R.kecocokan'!$B$58 -> Sedang | N27: ='B.kriteria & R.kecocokan'!$B$65 -> Rendah | O27: Layak | P27: =_xlfn.IFS(M27="Rendah","Tidak",M27="Tinggi","Layak",M27="sedang",IF(OR(K27="Sedang",K27="Sangat Sedikit"),"Layak",IF(F27="Sangat Tinggi","Layak"," Tidak"))) -> Layak | R27: tinggi | S27: =COUNTIFS($J$3:$J$95,$J$18) -> 38 | T27: =COUNTIFS($J$3:$J$95,$J$18,$O$3:$O$95,$O$12) -> 16 | U27: =COUNTIFS($J$3:$J$95,$J$18,$O$3:$O$95,$O$7) -> 22 | V27: =((-T27/S27)*IMLOG2(T27/S27))+((-U27/S27)*IMLOG2(U27/S27)) -> 0.98194079
A28: 26 | B28: 3523151403061480 | C28: SARDI | D28: 01 / 05 | E28: ='B.kriteria & R.kecocokan'!$B$25 -> Sedikit | F28: ='B.kriteria & R.kecocokan'!$B$34 -> Tinggi | G28: ='B.kriteria & R.kecocokan'!$B$41 -> Rendah | H28: ='B.kriteria & R.kecocokan'!$B$72 -> Rendah | I28: ='B.kriteria & R.kecocokan'!$B$95 -> Rendah | J28: ='B.kriteria & R.kecocokan'!$B$81 -> Tinggi | K28: ='B.kriteria & R.kecocokan'!$B$90 -> Sangat Sedikit | L28: ='B.kriteria & R.kecocokan'!$B$49 -> Rendah | M28: ='B.kriteria & R.kecocokan'!$B$57 -> Rendah | N28: ='B.kriteria & R.kecocokan'!$B$65 -> Rendah | O28: Tidak | P28: =_xlfn.IFS(M28="Rendah","Tidak",M28="Tinggi","Layak",M28="sedang",IF(OR(K28="Sedang",K28="Sangat Sedikit"),"Layak",IF(F28="Sangat Tinggi","Layak"," Tidak"))) -> Tidak | S28: =SUM(S26:S27) -> 93 | T28: =SUM(T26:T27) -> 22 | U28: =SUM(U26:U27) -> 71
A29: 27 | B29: 3523150507190002 | C29: KASLIK | D29: 01 / 05 | E29: ='B.kriteria & R.kecocokan'!$B$24 -> Cukup | F29: ='B.kriteria & R.kecocokan'!$B$34 -> Tinggi | G29: ='B.kriteria & R.kecocokan'!$B$43 -> Tinggi | H29: ='B.kriteria & R.kecocokan'!$B$72 -> Rendah | I29: ='B.kriteria & R.kecocokan'!$B$95 -> Rendah | J29: ='B.kriteria & R.kecocokan'!$B$80 -> Rendah | K29: ='B.kriteria & R.kecocokan'!$B$88 -> Sedang | L29: ='B.kriteria & R.kecocokan'!$B$49 -> Rendah | M29: ='B.kriteria & R.kecocokan'!$B$57 -> Rendah | N29: ='B.kriteria & R.kecocokan'!$B$65 -> Rendah | O29: Tidak | P29: =_xlfn.IFS(M29="Rendah","Tidak",M29="Tinggi","Layak",M29="sedang",IF(OR(K29="Sedang",K29="Sangat Sedikit"),"Layak",IF(F29="Sangat Tinggi","Layak"," Tidak"))) -> Tidak | Q29: jumlah tanggungan | W29: =$V$3 - ((S30/$S$3*V30) +(S31/$S$3*V31) +(S32/$S$3*V32)) -> 0.036553437
A30: 28 | B30: 3523152906120007 | C30: TOTOK AGUSTARI | D30: 01 / 05 | E30: ='B.kriteria & R.kecocokan'!$B$24 -> Cukup | F30: ='B.kriteria & R.kecocokan'!$B$34 -> Tinggi | G30: ='B.kriteria & R.kecocokan'!$B$41 -> Rendah | H30: ='B.kriteria & R.kecocokan'!$B$72 -> Rendah | I30: ='B.kriteria & R.kecocokan'!$B$95 -> Rendah | J30: ='B.kriteria & R.kecocokan'!$B$80 -> Rendah | K30: ='B.kriteria & R.kecocokan'!$B$89 -> Sedikit | L30: ='B.kriteria & R.kecocokan'!$B$49 -> Rendah | M30: ='B.kriteria & R.kecocokan'!$B$58 -> Sedang | N30: ='B.kriteria & R.kecocokan'!$B$65 -> Rendah | O30: Tidak | P30: =_xlfn.IFS(M30="Rendah","Tidak",M30="Tinggi","Layak",M30="sedang",IF(OR(K30="Sedang",K30="Sangat Sedikit"),"Layak",IF(F30="Sangat Tinggi","Layak"," Tidak"))) -> Tidak | R30: sedang | S30: =COUNTIFS($K$3:$K$95,$K$7) -> 29 | T30: =COUNTIFS($K$3:$K$95,$K$7,$O$3:$O$95,$O$12) -> 6 | U30: =COUNTIFS($K$3:$K$95,$K$7,$O$3:$O$95,$O$3) -> 23 | V30: =((-T30/S30)*IMLOG2(T30/S30))+((-U30/S30)*IMLOG2(U30/S30)) -> 0.73550858
A31: 29 | B31: 3523151403061479 | C31: WASIR | D31: 01 / 05 | E31: ='B.kriteria & R.kecocokan'!$B$23 -> Banyak | F31: ='B.kriteria & R.kecocokan'!$B$35 -> Sangat Tinggi | G31: ='B.kriteria & R.kecocokan'!$B$41 -> Rendah | H31: ='B.kriteria & R.kecocokan'!$B$72 -> Rendah | I31: ='B.kriteria & R.kecocokan'!$B$95 -> Rendah | J31: ='B.kriteria & R.kecocokan'!$B$80 -> Rendah | K31: ='B.kriteria & R.kecocokan'!$B$90 -> Sangat Sedikit | L31: ='B.kriteria & R.kecocokan'!$B$49 -> Rendah | M31: ='B.kriteria & R.kecocokan'!$B$57 -> Rendah | N31: ='B.kriteria & R.kecocokan'!$B$65 -> Rendah | O31: Tidak | P31: =_xlfn.IFS(M31="Rendah","Tidak",M31="Tinggi","Layak",M31="sedang",IF(OR(K31="Sedang",K31="Sangat Sedikit"),"Layak",IF(F31="Sangat Tinggi","Layak"," Tidak"))) -> Tidak | R31: sedikit | S31: =COUNTIFS($K$3:$K$95,$K$16) -> 21 | T31: =COUNTIFS($K$3:$K$95,$K$16,$O$3:$O$95,$O$21) -> 2 | U31: =COUNTIFS($K$3:$K$95,$K$16,$O$3:$O$95,$O$25) -> 19 | V31: =((-T31/S31)*IMLOG2(T31/S31))+((-U31/S31)*IMLOG2(U31/S31)) -> 0.45371634 | AA31: Confusion matrix
A32: 30 | B32: 3523151403061477 | C32: SUDIRO | D32: 01 / 05 | E32: ='B.kriteria & R.kecocokan'!$B$25 -> Sedikit | F32: ='B.kriteria & R.kecocokan'!$B$35 -> Sangat Tinggi | G32: ='B.kriteria & R.kecocokan'!$B$41 -> Rendah | H32: ='B.kriteria & R.kecocokan'!$B$72 -> Rendah | I32: ='B.kriteria & R.kecocokan'!$B$95 -> Rendah | J32: ='B.kriteria & R.kecocokan'!$B$81 -> Tinggi | K32: ='B.kriteria & R.kecocokan'!$B$88 -> Sedang | L32: ='B.kriteria & R.kecocokan'!$B$51 -> Tinggi | M32: ='B.kriteria & R.kecocokan'!$B$59 -> Tinggi | N32: ='B.kriteria & R.kecocokan'!$B$65 -> Rendah | O32: Layak | P32: =_xlfn.IFS(M32="Rendah","Tidak",M32="Tinggi","Layak",M32="sedang",IF(OR(K32="Sedang",K32="Sangat Sedikit"),"Layak",IF(F32="Sangat Tinggi","Layak"," Tidak"))) -> Layak | R32: sangat sedikit | S32: =COUNTIFS($K$3:$K$95,$K$21) -> 43 | T32: =COUNTIFS($K$3:$K$95,$K$21,$O$3:$O$95,$O$19) -> 14 | U32: =COUNTIFS($K$3:$K$95,$K$21,$O$3:$O$95,$O$28) -> 29 | V32: =((-T32/S32)*IMLOG2(T32/S32))+((-U32/S32)*IMLOG2(U32/S32)) -> 0.91034806 | AA32: C4.5 | AC32: Actual
A33: 31 | B33: 3523153112090244 | C33: SUYANTO | D33: 01 / 05 | E33: ='B.kriteria & R.kecocokan'!$B$24 -> Cukup | F33: ='B.kriteria & R.kecocokan'!$B$35 -> Sangat Tinggi | G33: ='B.kriteria & R.kecocokan'!$B$41 -> Rendah | H33: ='B.kriteria & R.kecocokan'!$B$72 -> Rendah | I33: ='B.kriteria & R.kecocokan'!$B$95 -> Rendah | J33: ='B.kriteria & R.kecocokan'!$B$80 -> Rendah | K33: ='B.kriteria & R.kecocokan'!$B$89 -> Sedikit | L33: ='B.kriteria & R.kecocokan'!$B$49 -> Rendah | M33: ='B.kriteria & R.kecocokan'!$B$58 -> Sedang | N33: ='B.kriteria & R.kecocokan'!$B$65 -> Rendah | O33: Layak | P33: =_xlfn.IFS(M33="Rendah","Tidak",M33="Tinggi","Layak",M33="sedang",IF(OR(K33="Sedang",K33="Sangat Sedikit"),"Layak",IF(F33="Sangat Tinggi","Layak"," Tidak"))) -> Layak | S33: =SUM(S30:S32) -> 93 | T33: =SUM(T30:T32) -> 22 | U33: =SUM(U30:U32) -> 71 | AC33: Layak | AD33: Tidak
A34: 32 | B34: 3523141108840001 | C34: SUWANDI | D34: 01 / 05 | E34: ='B.kriteria & R.kecocokan'!$B$24 -> Cukup | F34: ='B.kriteria & R.kecocokan'!$B$34 -> Tinggi | G34: ='B.kriteria & R.kecocokan'!$B$41 -> Rendah | H34: ='B.kriteria & R.kecocokan'!$B$72 -> Rendah | I34: ='B.kriteria & R.kecocokan'!$B$95 -> Rendah | J34: ='B.kriteria & R.kecocokan'!$B$80 -> Rendah | K34: ='B.kriteria & R.kecocokan'!$B$88 -> Sedang | L34: ='B.kriteria & R.kecocokan'!$B$49 -> Rendah | M34: ='B.kriteria & R.kecocokan'!$B$57 -> Rendah | N34: ='B.kriteria & R.kecocokan'!$B$65 -> Rendah | O34: Tidak | P34: =_xlfn.IFS(M34="Rendah","Tidak",M34="Tinggi","Layak",M34="sedang",IF(OR(K34="Sedang",K34="Sangat Sedikit"),"Layak",IF(F34="Sangat Tinggi","Layak"," Tidak"))) -> Tidak | Q34: jenis dinding | W34: =$V$3 - ((S35/$S$3*V35) +(S36/$S$3*V36) +(S37/$S$3*V37)) -> 0.22088908 | AA34: Layak | AC34: 16 | AD34: 2
A35: 33 | B35: 3523150107580287 | C35: LIK DJOYO | D35: 01 / 05 | E35: ='B.kriteria & R.kecocokan'!$B$25 -> Sedikit | F35: ='B.kriteria & R.kecocokan'!$B$34 -> Tinggi | G35: ='B.kriteria & R.kecocokan'!$B$43 -> Tinggi | H35: ='B.kriteria & R.kecocokan'!$B$72 -> Rendah | I35: ='B.kriteria & R.kecocokan'!$B$95 -> Rendah | J35: ='B.kriteria & R.kecocokan'!$B$81 -> Tinggi | K35: ='B.kriteria & R.kecocokan'!$B$90 -> Sangat Sedikit | L35: ='B.kriteria & R.kecocokan'!$B$49 -> Rendah | M35: ='B.kriteria & R.kecocokan'!$B$57 -> Rendah | N35: ='B.kriteria & R.kecocokan'!$B$65 -> Rendah | O35: Tidak | P35: =_xlfn.IFS(M35="Rendah","Tidak",M35="Tinggi","Layak",M35="sedang",IF(OR(K35="Sedang",K35="Sangat Sedikit"),"Layak",IF(F35="Sangat Tinggi","Layak"," Tidak"))) -> Tidak | R35: Rendah | S35: =COUNTIFS($L$3:$L$95,$L$3) -> 82 | T35: =COUNTIFS($L$3:$L$95,$L$3,$O$3:$O$95,$O$12) -> 12 | U35: =COUNTIFS($L$3:$L$95,$L$3,$O$3:$O$95,$O$28) -> 70 | V35: =((-T35/S35)*IMLOG2(T35/S35))+((-U35/S35)*IMLOG2(U35/S35)) -> 0.60060858 | AA35: Tidak | AC35: 6 | AD35: 67
A36: 34 | B36: 3523150202500002 | C36: KARMADI | D36: 01 / 05 | E36: ='B.kriteria & R.kecocokan'!$B$23 -> Banyak | F36: ='B.kriteria & R.kecocokan'!$B$34 -> Tinggi | G36: ='B.kriteria & R.kecocokan'!$B$41 -> Rendah | H36: ='B.kriteria & R.kecocokan'!$B$72 -> Rendah | I36: ='B.kriteria & R.kecocokan'!$B$95 -> Rendah | J36: ='B.kriteria & R.kecocokan'!$B$81 -> Tinggi | K36: ='B.kriteria & R.kecocokan'!$B$90 -> Sangat Sedikit | L36: ='B.kriteria & R.kecocokan'!$B$49 -> Rendah | M36: ='B.kriteria & R.kecocokan'!$B$57 -> Rendah | N36: ='B.kriteria & R.kecocokan'!$B$65 -> Rendah | O36: Tidak | P36: =_xlfn.IFS(M36="Rendah","Tidak",M36="Tinggi","Layak",M36="sedang",IF(OR(K36="Sedang",K36="Sangat Sedikit"),"Layak",IF(F36="Sangat Tinggi","Layak"," Tidak"))) -> Tidak | R36: sedang | S36: =COUNTIFS($L$3:$L$95,$L$20) -> 6 | T36: =COUNTIFS($L$3:$L$95,$L$20,$O$3:$O$95,$O$12) -> 6 | U36: =COUNTIFS($L$3:$L$95,$L$20,$O$3:$O$95,$O$31) -> 0 | V36: 0
A37: 35 | B37: 3523150107510085 | C37: WIBOWO SLAMET | D37: 01 / 05 | E37: ='B.kriteria & R.kecocokan'!$B$25 -> Sedikit | F37: ='B.kriteria & R.kecocokan'!$B$34 -> Tinggi | G37: ='B.kriteria & R.kecocokan'!$B$41 -> Rendah | H37: ='B.kriteria & R.kecocokan'!$B$74 -> Tinggi | I37: ='B.kriteria & R.kecocokan'!$B$95 -> Rendah | J37: ='B.kriteria & R.kecocokan'!$B$81 -> Tinggi | K37: ='B.kriteria & R.kecocokan'!$B$90 -> Sangat Sedikit | L37: ='B.kriteria & R.kecocokan'!$B$50 -> Sedang | M37: ='B.kriteria & R.kecocokan'!$B$59 -> Tinggi | N37: ='B.kriteria & R.kecocokan'!$B$65 -> Rendah | O37: Layak | P37: =_xlfn.IFS(M37="Rendah","Tidak",M37="Tinggi","Layak",M37="sedang",IF(OR(K37="Sedang",K37="Sangat Sedikit"),"Layak",IF(F37="Sangat Tinggi","Layak"," Tidak"))) -> Layak | R37: tinggi | S37: =COUNTIFS($L$3:$L$95,$L$32) -> 5 | T37: =COUNTIFS($L$3:$L$95,$L$32,$O$3:$O$95,$O$27) -> 4 | U37: =COUNTIFS($L$3:$L$95,$L$32,$O$3:$O$95,$O$28) -> 1 | V37: =((-T37/S37)*IMLOG2(T37/S37))+((-U37/S37)*IMLOG2(U37/S37)) -> 0.72192809 | AA37: Akurasi | AB37: =(AC34+AD35)/(AC34+AD35+AD34+AC35)*100 -> 91.208791 | AC37: %
A38: 36 | B38: 3523151604600002 | C38: WINARTO | D38: 01 / 05 | E38: ='B.kriteria & R.kecocokan'!$B$24 -> Cukup | F38: ='B.kriteria & R.kecocokan'!$B$34 -> Tinggi | G38: ='B.kriteria & R.kecocokan'!$B$41 -> Rendah | H38: ='B.kriteria & R.kecocokan'!$B$72 -> Rendah | I38: ='B.kriteria & R.kecocokan'!$B$95 -> Rendah | J38: ='B.kriteria & R.kecocokan'!$B$80 -> Rendah | K38: ='B.kriteria & R.kecocokan'!$B$90 -> Sangat Sedikit | L38: ='B.kriteria & R.kecocokan'!$B$49 -> Rendah | M38: ='B.kriteria & R.kecocokan'!$B$57 -> Rendah | N38: ='B.kriteria & R.kecocokan'!$B$65 -> Rendah | O38: Tidak | P38: =_xlfn.IFS(M38="Rendah","Tidak",M38="Tinggi","Layak",M38="sedang",IF(OR(K38="Sedang",K38="Sangat Sedikit"),"Layak",IF(F38="Sangat Tinggi","Layak"," Tidak"))) -> Tidak | S38: =SUM(S35:S37) -> 93 | T38: =SUM(T35:T37) -> 22 | U38: =SUM(U35:U37) -> 71 | AA38: Rate Error | AB38: =(AD34+AC35)/(AC35+AD34+AC34+AD35)*100 -> 8.7912088 | AC38: %
A39: 37 | B39: 3523152603110001 | C39: HADI | D39: 01 / 05 | E39: ='B.kriteria & R.kecocokan'!$B$24 -> Cukup | F39: ='B.kriteria & R.kecocokan'!$B$34 -> Tinggi | G39: ='B.kriteria & R.kecocokan'!$B$41 -> Rendah | H39: ='B.kriteria & R.kecocokan'!$B$72 -> Rendah | I39: ='B.kriteria & R.kecocokan'!$B$95 -> Rendah | J39: ='B.kriteria & R.kecocokan'!$B$80 -> Rendah | K39: ='B.kriteria & R.kecocokan'!$B$88 -> Sedang | L39: ='B.kriteria & R.kecocokan'!$B$49 -> Rendah | M39: ='B.kriteria & R.kecocokan'!$B$57 -> Rendah | N39: ='B.kriteria & R.kecocokan'!$B$65 -> Rendah | O39: Tidak | P39: =_xlfn.IFS(M39="Rendah","Tidak",M39="Tinggi","Layak",M39="sedang",IF(OR(K39="Sedang",K39="Sangat Sedikit"),"Layak",IF(F39="Sangat Tinggi","Layak"," Tidak"))) -> Tidak | Q39: jenis lantai | W39: =$V$3 - ((S40/$S$3*V40) +(S41/$S$3*V41) +(S42/$S$3*V42)) -> 0.37264122
A40: 38 | B40: 3523152212200001 | C40: NGATOLAN | D40: 01 / 05 | E40: ='B.kriteria & R.kecocokan'!$B$25 -> Sedikit | F40: ='B.kriteria & R.kecocokan'!$B$34 -> Tinggi | G40: ='B.kriteria & R.kecocokan'!$B$43 -> Tinggi | H40: ='B.kriteria & R.kecocokan'!$B$72 -> Rendah | I40: ='B.kriteria & R.kecocokan'!$B$95 -> Rendah | J40: ='B.kriteria & R.kecocokan'!$B$81 -> Tinggi | K40: ='B.kriteria & R.kecocokan'!$B$90 -> Sangat Sedikit | L40: ='B.kriteria & R.kecocokan'!$B$49 -> Rendah | M40: ='B.kriteria & R.kecocokan'!$B$57 -> Rendah | N40: ='B.kriteria & R.kecocokan'!$B$65 -> Rendah | O40: Tidak | P40: =_xlfn.IFS(M40="Rendah","Tidak",M40="Tinggi","Layak",M40="sedang",IF(OR(K40="Sedang",K40="Sangat Sedikit"),"Layak",IF(F40="Sangat Tinggi","Layak"," Tidak"))) -> Tidak | R40: Rendah | S40: =COUNTIFS($M$3:$M$95,$M$3) -> 72 | T40: =COUNTIFS($M$3:$M$95,$M$3,$O$3:$O$95,$O$12) -> 5 | U40: =COUNTIFS($M$3:$M$95,$M$3,$O$3:$O$95,$O$36) -> 67 | V40: =((-T40/S40)*IMLOG2(T40/S40))+((-U40/S40)*IMLOG2(U40/S40)) -> 0.363847
A41: 39 | B41: 3523154107540103 | C41: KARSIYAH | D41: 01 / 05 | E41: ='B.kriteria & R.kecocokan'!$B$25 -> Sedikit | F41: ='B.kriteria & R.kecocokan'!$B$34 -> Tinggi | G41: ='B.kriteria & R.kecocokan'!$B$41 -> Rendah | H41: ='B.kriteria & R.kecocokan'!$B$72 -> Rendah | I41: ='B.kriteria & R.kecocokan'!$B$95 -> Rendah | J41: ='B.kriteria & R.kecocokan'!$B$81 -> Tinggi | K41: ='B.kriteria & R.kecocokan'!$B$90 -> Sangat Sedikit | L41: ='B.kriteria & R.kecocokan'!$B$49 -> Rendah | M41: ='B.kriteria & R.kecocokan'!$B$57 -> Rendah | N41: ='B.kriteria & R.kecocokan'!$B$65 -> Rendah | O41: Tidak | P41: =_xlfn.IFS(M41="Rendah","Tidak",M41="Tinggi","Layak",M41="sedang",IF(OR(K41="Sedang",K41="Sangat Sedikit"),"Layak",IF(F41="Sangat Tinggi","Layak"," Tidak"))) -> Tidak | R41: sedang | S41: =COUNTIFS($M$3:$M$95,$M$30) -> 15 | T41: =COUNTIFS($M$3:$M$95,$M$30,$O$3:$O$95,$O$33) -> 11 | U41: =COUNTIFS($M$3:$M$95,$M$30,$O$3:$O$95,$O$31) -> 4 | V41: =((-T41/S41)*IMLOG2(T41/S41))+((-U41/S41)*IMLOG2(U41/S41)) -> 0.83664074
A42: 40 | B42: 3523151403170009 | C42: KARDIYONO | D42: 01 / 05 | E42: ='B.kriteria & R.kecocokan'!$B$24 -> Cukup | F42: ='B.kriteria & R.kecocokan'!$B$34 -> Tinggi | G42: ='B.kriteria & R.kecocokan'!$B$43 -> Tinggi | H42: ='B.kriteria & R.kecocokan'!$B$72 -> Rendah | I42: ='B.kriteria & R.kecocokan'!$B$95 -> Rendah | J42: ='B.kriteria & R.kecocokan'!$B$80 -> Rendah | K42: ='B.kriteria & R.kecocokan'!$B$88 -> Sedang | L42: ='B.kriteria & R.kecocokan'!$B$49 -> Rendah | M42: ='B.kriteria & R.kecocokan'!$B$57 -> Rendah | N42: ='B.kriteria & R.kecocokan'!$B$65 -> Rendah | O42: Tidak | P42: =_xlfn.IFS(M42="Rendah","Tidak",M42="Tinggi","Layak",M42="sedang",IF(OR(K42="Sedang",K42="Sangat Sedikit"),"Layak",IF(F42="Sangat Tinggi","Layak"," Tidak"))) -> Tidak | R42: tinggi | S42: =COUNTIFS($M$3:$M$95,$M$32) -> 6 | T42: =COUNTIFS($M$3:$M$95,$M$32,$O$3:$O$95,$O$33) -> 6 | U42: =COUNTIFS($M$3:$M$95,$M$32,$O$3:$O$95,$O$34) -> 0 | V42: 0
A43: 41 | B43: 3523151403061471 | C43: LILIK | D43: 01 / 05 | E43: ='B.kriteria & R.kecocokan'!$B$23 -> Banyak | F43: ='B.kriteria & R.kecocokan'!$B$34 -> Tinggi | G43: ='B.kriteria & R.kecocokan'!$B$41 -> Rendah | H43: ='B.kriteria & R.kecocokan'!$B$72 -> Rendah | I43: ='B.kriteria & R.kecocokan'!$B$95 -> Rendah | J43: ='B.kriteria & R.kecocokan'!$B$81 -> Tinggi | K43: ='B.kriteria & R.kecocokan'!$B$90 -> Sangat Sedikit | L43: ='B.kriteria & R.kecocokan'!$B$49 -> Rendah | M43: ='B.kriteria & R.kecocokan'!$B$57 -> Rendah | N43: ='B.kriteria & R.kecocokan'!$B$65 -> Rendah | O43: Tidak | P43: =_xlfn.IFS(M43="Rendah","Tidak",M43="Tinggi","Layak",M43="sedang",IF(OR(K43="Sedang",K43="Sangat Sedikit"),"Layak",IF(F43="Sangat Tinggi","Layak"," Tidak"))) -> Tidak | S43: =SUM(S40:S42) -> 93 | T43: =SUM(T40:T42) -> 22 | U43: =SUM(U40:U42) -> 71
A44: 42 | B44: =Penghasilan!B21 -> 3523151309090186 | C44: WARIYANTO | D44: 02 / 05 | E44: ='B.kriteria & R.kecocokan'!$B$25 -> Sedikit | F44: ='B.kriteria & R.kecocokan'!$B$34 -> Tinggi | G44: ='B.kriteria & R.kecocokan'!$B$41 -> Rendah | H44: ='B.kriteria & R.kecocokan'!$B$72 -> Rendah | I44: ='B.kriteria & R.kecocokan'!$B$95 -> Rendah | J44: ='B.kriteria & R.kecocokan'!$B$81 -> Tinggi | K44: ='B.kriteria & R.kecocokan'!$B$88 -> Sedang | L44: ='B.kriteria & R.kecocokan'!$B$50 -> Sedang | M44: ='B.kriteria & R.kecocokan'!$B$57 -> Rendah | N44: ='B.kriteria & R.kecocokan'!$B$65 -> Rendah | O44: Layak | P44: =_xlfn.IFS(M44="Rendah","Tidak",M44="Tinggi","Layak",M44="sedang",IF(OR(K44="Sedang",K44="Sangat Sedikit"),"Layak",IF(F44="Sangat Tinggi","Layak"," Tidak"))) -> Tidak | Q44: jenis atap | W44: =$V$3 - ((S45/$S$3*V45) +(S46/$S$3*V46)) -> 0.022636986
A45: 43 | B45: =Penghasilan!B34 -> 3523151403061462 | C45: SUJONO | D45: 02 / 05 | E45: ='B.kriteria & R.kecocokan'!$B$25 -> Sedikit | F45: ='B.kriteria & R.kecocokan'!$B$34 -> Tinggi | G45: ='B.kriteria & R.kecocokan'!$B$41 -> Rendah | H45: ='B.kriteria & R.kecocokan'!$B$72 -> Rendah | I45: ='B.kriteria & R.kecocokan'!$B$95 -> Rendah | J45: ='B.kriteria & R.kecocokan'!$B$80 -> Rendah | K45: ='B.kriteria & R.kecocokan'!$B$90 -> Sangat Sedikit | L45: ='B.kriteria & R.kecocokan'!$B$49 -> Rendah | M45: ='B.kriteria & R.kecocokan'!$B$57 -> Rendah | N45: ='B.kriteria & R.kecocokan'!$B$65 -> Rendah | O45: Tidak | P45: =_xlfn.IFS(M45="Rendah","Tidak",M45="Tinggi","Layak",M45="sedang",IF(OR(K45="Sedang",K45="Sangat Sedikit"),"Layak",IF(F45="Sangat Tinggi","Layak"," Tidak"))) -> Tidak | R45: rendah | S45: =COUNTIFS($N$3:$N$95,$N$3) -> 92 | T45: =COUNTIFS($N$3:$N$95,$N$3,$O$3:$O$95,$O$81) -> 21 | U45: =COUNTIFS($N$3:$N$95,$N$3,$O$3:$O$95,$O$38) -> 71 | V45: =((-T45/S45)*IMLOG2(T45/S45))+((-U45/S45)*IMLOG2(U45/S45)) -> 0.77496727
A46: 44 | B46: =Penghasilan!B33 -> 3523151403060778 | C46: SUMIJAH | D46: 02 / 05 | E46: ='B.kriteria & R.kecocokan'!$B$25 -> Sedikit | F46: ='B.kriteria & R.kecocokan'!$B$35 -> Sangat Tinggi | G46: ='B.kriteria & R.kecocokan'!$B$41 -> Rendah | H46: ='B.kriteria & R.kecocokan'!$B$72 -> Rendah | I46: ='B.kriteria & R.kecocokan'!$B$95 -> Rendah | J46: ='B.kriteria & R.kecocokan'!$B$81 -> Tinggi | K46: ='B.kriteria & R.kecocokan'!$B$90 -> Sangat Sedikit | L46: ='B.kriteria & R.kecocokan'!$B$50 -> Sedang | M46: ='B.kriteria & R.kecocokan'!$B$59 -> Tinggi | N46: ='B.kriteria & R.kecocokan'!$B$65 -> Rendah | O46: Layak | P46: =_xlfn.IFS(M46="Rendah","Tidak",M46="Tinggi","Layak",M46="sedang",IF(OR(K46="Sedang",K46="Sangat Sedikit"),"Layak",IF(F46="Sangat Tinggi","Layak"," Tidak"))) -> Layak | R46: sedang | S46: =COUNTIFS($N$3:$N$95,$N$13) -> 1 | T46: =COUNTIFS($N$3:$N$95,$N$13,$O$3:$O$95,$O$33) -> 1 | U46: =COUNTIFS($N$3:$N$95,$N$13,$O$3:$O$95,$O$34) -> 0 | V46: 0
A47: 45 | B47: =Penghasilan!B35 -> 3523151303180005 | C47: SUPRAPTO | D47: 02 / 05 | E47: ='B.kriteria & R.kecocokan'!$B$24 -> Cukup | F47: ='B.kriteria & R.kecocokan'!$B$34 -> Tinggi | G47: ='B.kriteria & R.kecocokan'!$B$41 -> Rendah | H47: ='B.kriteria & R.kecocokan'!$B$72 -> Rendah | I47: ='B.kriteria & R.kecocokan'!$B$95 -> Rendah | J47: ='B.kriteria & R.kecocokan'!$B$81 -> Tinggi | K47: ='B.kriteria & R.kecocokan'!$B$90 -> Sangat Sedikit | L47: ='B.kriteria & R.kecocokan'!$B$49 -> Rendah | M47: ='B.kriteria & R.kecocokan'!$B$57 -> Rendah | N47: ='B.kriteria & R.kecocokan'!$B$65 -> Rendah | O47: Tidak | P47: =_xlfn.IFS(M47="Rendah","Tidak",M47="Tinggi","Layak",M47="sedang",IF(OR(K47="Sedang",K47="Sangat Sedikit"),"Layak",IF(F47="Sangat Tinggi","Layak"," Tidak"))) -> Tidak | S47: =SUM(S44:S46) -> 93 | T47: =SUM(T44:T46) -> 22 | U47: =SUM(U44:U46) -> 71
A48: 46 | B48: =Penghasilan!B39 -> 3523151403060780 | C48: SUGIYONO | D48: 02 / 05 | E48: ='B.kriteria & R.kecocokan'!$B$24 -> Cukup | F48: ='B.kriteria & R.kecocokan'!$B$34 -> Tinggi | G48: ='B.kriteria & R.kecocokan'!$B$41 -> Rendah | H48: ='B.kriteria & R.kecocokan'!$B$72 -> Rendah | I48: ='B.kriteria & R.kecocokan'!$B$95 -> Rendah | J48: ='B.kriteria & R.kecocokan'!$B$80 -> Rendah | K48: ='B.kriteria & R.kecocokan'!$B$88 -> Sedang | L48: ='B.kriteria & R.kecocokan'!$B$49 -> Rendah | M48: ='B.kriteria & R.kecocokan'!$B$57 -> Rendah | N48: ='B.kriteria & R.kecocokan'!$B$65 -> Rendah | O48: Tidak | P48: =_xlfn.IFS(M48="Rendah","Tidak",M48="Tinggi","Layak",M48="sedang",IF(OR(K48="Sedang",K48="Sangat Sedikit"),"Layak",IF(F48="Sangat Tinggi","Layak"," Tidak"))) -> Tidak | W48: =MAX(W4:W44) -> 0.37264122
A49: 47 | B49: =Penghasilan!B31 -> 3523151403060769 | C49: MARSILAN | D49: 02 / 05 | E49: ='B.kriteria & R.kecocokan'!$B$25 -> Sedikit | F49: ='B.kriteria & R.kecocokan'!$B$34 -> Tinggi | G49: ='B.kriteria & R.kecocokan'!$B$41 -> Rendah | H49: ='B.kriteria & R.kecocokan'!$B$72 -> Rendah | I49: ='B.kriteria & R.kecocokan'!$B$95 -> Rendah | J49: ='B.kriteria & R.kecocokan'!$B$81 -> Tinggi | K49: ='B.kriteria & R.kecocokan'!$B$90 -> Sangat Sedikit | L49: ='B.kriteria & R.kecocokan'!$B$49 -> Rendah | M49: ='B.kriteria & R.kecocokan'!$B$57 -> Rendah | N49: ='B.kriteria & R.kecocokan'!$B$65 -> Rendah | O49: Tidak | P49: =_xlfn.IFS(M49="Rendah","Tidak",M49="Tinggi","Layak",M49="sedang",IF(OR(K49="Sedang",K49="Sangat Sedikit"),"Layak",IF(F49="Sangat Tinggi","Layak"," Tidak"))) -> Tidak
A50: 48 | B50: =Penghasilan!B37 -> 3523151403061466 | C50: NURHAMID | D50: 02 / 05 | E50: ='B.kriteria & R.kecocokan'!$B$24 -> Cukup | F50: ='B.kriteria & R.kecocokan'!$B$34 -> Tinggi | G50: ='B.kriteria & R.kecocokan'!$B$41 -> Rendah | H50: ='B.kriteria & R.kecocokan'!$B$72 -> Rendah | I50: ='B.kriteria & R.kecocokan'!$B$95 -> Rendah | J50: ='B.kriteria & R.kecocokan'!$B$80 -> Rendah | K50: ='B.kriteria & R.kecocokan'!$B$89 -> Sedikit | L50: ='B.kriteria & R.kecocokan'!$B$49 -> Rendah | M50: ='B.kriteria & R.kecocokan'!$B$57 -> Rendah | N50: ='B.kriteria & R.kecocokan'!$B$65 -> Rendah | O50: Tidak | P50: =_xlfn.IFS(M50="Rendah","Tidak",M50="Tinggi","Layak",M50="sedang",IF(OR(K50="Sedang",K50="Sangat Sedikit"),"Layak",IF(F50="Sangat Tinggi","Layak"," Tidak"))) -> Tidak
A51: 49 | B51: =Penghasilan!B36 -> 3523151309090180 | C51: SAMIDAH | D51: 02 / 05 | E51: ='B.kriteria & R.kecocokan'!$B$25 -> Sedikit | F51: ='B.kriteria & R.kecocokan'!$B$35 -> Sangat Tinggi | G51: ='B.kriteria & R.kecocokan'!$B$41 -> Rendah | H51: ='B.kriteria & R.kecocokan'!$B$72 -> Rendah | I51: ='B.kriteria & R.kecocokan'!$B$95 -> Rendah | J51: ='B.kriteria & R.kecocokan'!$B$81 -> Tinggi | K51: ='B.kriteria & R.kecocokan'!$B$90 -> Sangat Sedikit | L51: ='B.kriteria & R.kecocokan'!$B$49 -> Rendah | M51: ='B.kriteria & R.kecocokan'!$B$57 -> Rendah | N51: ='B.kriteria & R.kecocokan'!$B$65 -> Rendah | O51: Layak | P51: =_xlfn.IFS(M51="Rendah","Tidak",M51="Tinggi","Layak",M51="sedang",IF(OR(K51="Sedang",K51="Sangat Sedikit"),"Layak",IF(F51="Sangat Tinggi","Layak"," Tidak"))) -> Tidak
A52: 50 | B52: =Penghasilan!B27 -> 3523151403060779 | C52: MUNASIR | D52: 02 / 05 | E52: ='B.kriteria & R.kecocokan'!$B$25 -> Sedikit | F52: ='B.kriteria & R.kecocokan'!$B$34 -> Tinggi | G52: ='B.kriteria & R.kecocokan'!$B$41 -> Rendah | H52: ='B.kriteria & R.kecocokan'!$B$72 -> Rendah | I52: ='B.kriteria & R.kecocokan'!$B$95 -> Rendah | J52: ='B.kriteria & R.kecocokan'!$B$80 -> Rendah | K52: ='B.kriteria & R.kecocokan'!$B$88 -> Sedang | L52: ='B.kriteria & R.kecocokan'!$B$50 -> Sedang | M52: ='B.kriteria & R.kecocokan'!$B$59 -> Tinggi | N52: ='B.kriteria & R.kecocokan'!$B$65 -> Rendah | O52: Layak | P52: =_xlfn.IFS(M52="Rendah","Tidak",M52="Tinggi","Layak",M52="sedang",IF(OR(K52="Sedang",K52="Sangat Sedikit"),"Layak",IF(F52="Sangat Tinggi","Layak"," Tidak"))) -> Layak
A53: 51 | B53: =Penghasilan!B29 -> 3523153112090187 | C53: PURWANTO | D53: 02 / 05 | E53: ='B.kriteria & R.kecocokan'!$B$25 -> Sedikit | F53: ='B.kriteria & R.kecocokan'!$B$34 -> Tinggi | G53: ='B.kriteria & R.kecocokan'!$B$41 -> Rendah | H53: ='B.kriteria & R.kecocokan'!$B$72 -> Rendah | I53: ='B.kriteria & R.kecocokan'!$B$95 -> Rendah | J53: ='B.kriteria & R.kecocokan'!$B$80 -> Rendah | K53: ='B.kriteria & R.kecocokan'!$B$88 -> Sedang | L53: ='B.kriteria & R.kecocokan'!$B$49 -> Rendah | M53: ='B.kriteria & R.kecocokan'!$B$58 -> Sedang | N53: ='B.kriteria & R.kecocokan'!$B$65 -> Rendah | O53: Tidak | P53: =_xlfn.IFS(M53="Rendah","Tidak",M53="Tinggi","Layak",M53="sedang",IF(OR(K53="Sedang",K53="Sangat Sedikit"),"Layak",IF(F53="Sangat Tinggi","Layak"," Tidak"))) -> Layak
A54: 52 | B54: =Penghasilan!B30 -> 3523151403061463 | C54: PANLIK | D54: 02 / 05 | E54: ='B.kriteria & R.kecocokan'!$B$25 -> Sedikit | F54: ='B.kriteria & R.kecocokan'!$B$34 -> Tinggi | G54: ='B.kriteria & R.kecocokan'!$B$41 -> Rendah | H54: ='B.kriteria & R.kecocokan'!$B$72 -> Rendah | I54: ='B.kriteria & R.kecocokan'!$B$95 -> Rendah | J54: ='B.kriteria & R.kecocokan'!$B$80 -> Rendah | K54: ='B.kriteria & R.kecocokan'!$B$89 -> Sedikit | L54: ='B.kriteria & R.kecocokan'!$B$49 -> Rendah | M54: ='B.kriteria & R.kecocokan'!$B$57 -> Rendah | N54: ='B.kriteria & R.kecocokan'!$B$65 -> Rendah | O54: Tidak | P54: =_xlfn.IFS(M54="Rendah","Tidak",M54="Tinggi","Layak",M54="sedang",IF(OR(K54="Sedang",K54="Sangat Sedikit"),"Layak",IF(F54="Sangat Tinggi","Layak"," Tidak"))) -> Tidak
A55: 53 | B55: =Penghasilan!B32 -> 3523151005110001 | C55: MACTIUS RICKY LEONALDO | D55: 02 / 05 | E55: ='B.kriteria & R.kecocokan'!$B$23 -> Banyak | F55: ='B.kriteria & R.kecocokan'!$B$34 -> Tinggi | G55: ='B.kriteria & R.kecocokan'!$B$41 -> Rendah | H55: ='B.kriteria & R.kecocokan'!$B$72 -> Rendah | I55: ='B.kriteria & R.kecocokan'!$B$95 -> Rendah | J55: ='B.kriteria & R.kecocokan'!$B$80 -> Rendah | K55: ='B.kriteria & R.kecocokan'!$B$88 -> Sedang | L55: ='B.kriteria & R.kecocokan'!$B$49 -> Rendah | M55: ='B.kriteria & R.kecocokan'!$B$57 -> Rendah | N55: ='B.kriteria & R.kecocokan'!$B$65 -> Rendah | O55: Tidak | P55: =_xlfn.IFS(M55="Rendah","Tidak",M55="Tinggi","Layak",M55="sedang",IF(OR(K55="Sedang",K55="Sangat Sedikit"),"Layak",IF(F55="Sangat Tinggi","Layak"," Tidak"))) -> Tidak
A56: 54 | B56: =Penghasilan!B28 -> 3523152111210007 | C56: PUJI PRASETYO | D56: 02 / 05 | E56: ='B.kriteria & R.kecocokan'!$B$23 -> Banyak | F56: ='B.kriteria & R.kecocokan'!$B$34 -> Tinggi | G56: ='B.kriteria & R.kecocokan'!$B$41 -> Rendah | H56: ='B.kriteria & R.kecocokan'!$B$72 -> Rendah | I56: ='B.kriteria & R.kecocokan'!$B$95 -> Rendah | J56: ='B.kriteria & R.kecocokan'!$B$80 -> Rendah | K56: ='B.kriteria & R.kecocokan'!$B$89 -> Sedikit | L56: ='B.kriteria & R.kecocokan'!$B$49 -> Rendah | M56: ='B.kriteria & R.kecocokan'!$B$57 -> Rendah | N56: ='B.kriteria & R.kecocokan'!$B$65 -> Rendah | O56: Tidak | P56: =_xlfn.IFS(M56="Rendah","Tidak",M56="Tinggi","Layak",M56="sedang",IF(OR(K56="Sedang",K56="Sangat Sedikit"),"Layak",IF(F56="Sangat Tinggi","Layak"," Tidak"))) -> Tidak
A57: 55 | B57: =Penghasilan!B40 -> 3523150209200001 | C57: TRI ABDUL AZIZ | D57: 02 / 05 | E57: ='B.kriteria & R.kecocokan'!$B$25 -> Sedikit | F57: ='B.kriteria & R.kecocokan'!$B$34 -> Tinggi | G57: ='B.kriteria & R.kecocokan'!$B$43 -> Tinggi | H57: ='B.kriteria & R.kecocokan'!$B$72 -> Rendah | I57: ='B.kriteria & R.kecocokan'!$B$95 -> Rendah | J57: ='B.kriteria & R.kecocokan'!$B$80 -> Rendah | K57: ='B.kriteria & R.kecocokan'!$B$89 -> Sedikit | L57: ='B.kriteria & R.kecocokan'!$B$49 -> Rendah | M57: ='B.kriteria & R.kecocokan'!$B$57 -> Rendah | N57: ='B.kriteria & R.kecocokan'!$B$65 -> Rendah | O57: Tidak | P57: =_xlfn.IFS(M57="Rendah","Tidak",M57="Tinggi","Layak",M57="sedang",IF(OR(K57="Sedang",K57="Sangat Sedikit"),"Layak",IF(F57="Sangat Tinggi","Layak"," Tidak"))) -> Tidak
A58: 56 | B58: =Penghasilan!B41 -> 3523153004190006 | C58: TOTOK PUJI WALUYO | D58: 02 / 05 | E58: ='B.kriteria & R.kecocokan'!$B$23 -> Banyak | F58: ='B.kriteria & R.kecocokan'!$B$34 -> Tinggi | G58: ='B.kriteria & R.kecocokan'!$B$41 -> Rendah | H58: ='B.kriteria & R.kecocokan'!$B$72 -> Rendah | I58: ='B.kriteria & R.kecocokan'!$B$95 -> Rendah | J58: ='B.kriteria & R.kecocokan'!$B$81 -> Tinggi | K58: ='B.kriteria & R.kecocokan'!$B$90 -> Sangat Sedikit | L58: ='B.kriteria & R.kecocokan'!$B$49 -> Rendah | M58: ='B.kriteria & R.kecocokan'!$B$57 -> Rendah | N58: ='B.kriteria & R.kecocokan'!$B$65 -> Rendah | O58: Tidak | P58: =_xlfn.IFS(M58="Rendah","Tidak",M58="Tinggi","Layak",M58="sedang",IF(OR(K58="Sedang",K58="Sangat Sedikit"),"Layak",IF(F58="Sangat Tinggi","Layak"," Tidak"))) -> Tidak
A59: 57 | B59: =Penghasilan!B42 -> 3523151309090188 | C59: DEBBY TARUNA VIRGO | D59: 02 / 05 | E59: ='B.kriteria & R.kecocokan'!$B$23 -> Banyak | F59: ='B.kriteria & R.kecocokan'!$B$34 -> Tinggi | G59: ='B.kriteria & R.kecocokan'!$B$41 -> Rendah | H59: ='B.kriteria & R.kecocokan'!$B$72 -> Rendah | I59: ='B.kriteria & R.kecocokan'!$B$95 -> Rendah | J59: ='B.kriteria & R.kecocokan'!$B$80 -> Rendah | K59: ='B.kriteria & R.kecocokan'!$B$88 -> Sedang | L59: ='B.kriteria & R.kecocokan'!$B$49 -> Rendah | M59: ='B.kriteria & R.kecocokan'!$B$57 -> Rendah | N59: ='B.kriteria & R.kecocokan'!$B$65 -> Rendah | O59: Tidak | P59: =_xlfn.IFS(M59="Rendah","Tidak",M59="Tinggi","Layak",M59="sedang",IF(OR(K59="Sedang",K59="Sangat Sedikit"),"Layak",IF(F59="Sangat Tinggi","Layak"," Tidak"))) -> Tidak
A60: 58 | B60: =Penghasilan!B43 -> 3523152405190001 | C60: TTITIK MUJIATI | D60: 02 / 05 | E60: ='B.kriteria & R.kecocokan'!$B$25 -> Sedikit | F60: ='B.kriteria & R.kecocokan'!$B$34 -> Tinggi | G60: ='B.kriteria & R.kecocokan'!$B$41 -> Rendah | H60: ='B.kriteria & R.kecocokan'!$B$72 -> Rendah | I60: ='B.kriteria & R.kecocokan'!$B$95 -> Rendah | J60: ='B.kriteria & R.kecocokan'!$B$80 -> Rendah | K60: ='B.kriteria & R.kecocokan'!$B$88 -> Sedang | L60: ='B.kriteria & R.kecocokan'!$B$49 -> Rendah | M60: ='B.kriteria & R.kecocokan'!$B$57 -> Rendah | N60: ='B.kriteria & R.kecocokan'!$B$65 -> Rendah | O60: Tidak | P60: =_xlfn.IFS(M60="Rendah","Tidak",M60="Tinggi","Layak",M60="sedang",IF(OR(K60="Sedang",K60="Sangat Sedikit"),"Layak",IF(F60="Sangat Tinggi","Layak"," Tidak"))) -> Tidak
A61: 59 | B61: =Penghasilan!B44 -> 3523151403060777 | C61: DARMUJI | D61: 02 / 05 | E61: ='B.kriteria & R.kecocokan'!$B$23 -> Banyak | F61: ='B.kriteria & R.kecocokan'!$B$34 -> Tinggi | G61: ='B.kriteria & R.kecocokan'!$B$41 -> Rendah | H61: ='B.kriteria & R.kecocokan'!$B$72 -> Rendah | I61: ='B.kriteria & R.kecocokan'!$B$95 -> Rendah | J61: ='B.kriteria & R.kecocokan'!$B$80 -> Rendah | K61: ='B.kriteria & R.kecocokan'!$B$90 -> Sangat Sedikit | L61: ='B.kriteria & R.kecocokan'!$B$49 -> Rendah | M61: ='B.kriteria & R.kecocokan'!$B$57 -> Rendah | N61: ='B.kriteria & R.kecocokan'!$B$65 -> Rendah | O61: Tidak | P61: =_xlfn.IFS(M61="Rendah","Tidak",M61="Tinggi","Layak",M61="sedang",IF(OR(K61="Sedang",K61="Sangat Sedikit"),"Layak",IF(F61="Sangat Tinggi","Layak"," Tidak"))) -> Tidak
A62: 60 | B62: =Penghasilan!B45 -> 3523151309090177 | C62: DASRIK | D62: 02 / 05 | E62: ='B.kriteria & R.kecocokan'!$B$25 -> Sedikit | F62: ='B.kriteria & R.kecocokan'!$B$34 -> Tinggi | G62: ='B.kriteria & R.kecocokan'!$B$41 -> Rendah | H62: ='B.kriteria & R.kecocokan'!$B$72 -> Rendah | I62: ='B.kriteria & R.kecocokan'!$B$95 -> Rendah | J62: ='B.kriteria & R.kecocokan'!$B$81 -> Tinggi | K62: ='B.kriteria & R.kecocokan'!$B$90 -> Sangat Sedikit | L62: ='B.kriteria & R.kecocokan'!$B$49 -> Rendah | M62: ='B.kriteria & R.kecocokan'!$B$57 -> Rendah | N62: ='B.kriteria & R.kecocokan'!$B$65 -> Rendah | O62: Tidak | P62: =_xlfn.IFS(M62="Rendah","Tidak",M62="Tinggi","Layak",M62="sedang",IF(OR(K62="Sedang",K62="Sangat Sedikit"),"Layak",IF(F62="Sangat Tinggi","Layak"," Tidak"))) -> Tidak
A63: 61 | B63: =Penghasilan!B5 -> No KK | C63: JUATMUN | D63: 02 / 05 | E63: ='B.kriteria & R.kecocokan'!$B$25 -> Sedikit | F63: ='B.kriteria & R.kecocokan'!$B$34 -> Tinggi | G63: ='B.kriteria & R.kecocokan'!$B$41 -> Rendah | H63: ='B.kriteria & R.kecocokan'!$B$72 -> Rendah | I63: ='B.kriteria & R.kecocokan'!$B$95 -> Rendah | J63: ='B.kriteria & R.kecocokan'!$B$80 -> Rendah | K63: ='B.kriteria & R.kecocokan'!$B$89 -> Sedikit | L63: ='B.kriteria & R.kecocokan'!$B$49 -> Rendah | M63: ='B.kriteria & R.kecocokan'!$B$57 -> Rendah | N63: ='B.kriteria & R.kecocokan'!$B$65 -> Rendah | O63: Tidak | P63: =_xlfn.IFS(M63="Rendah","Tidak",M63="Tinggi","Layak",M63="sedang",IF(OR(K63="Sedang",K63="Sangat Sedikit"),"Layak",IF(F63="Sangat Tinggi","Layak"," Tidak"))) -> Tidak
A64: 62 | B64: =Penghasilan!B46 -> 3523151403060771 | C64: WITAWIKNINGSIH | D64: 02 / 05 | E64: ='B.kriteria & R.kecocokan'!$B$25 -> Sedikit | F64: ='B.kriteria & R.kecocokan'!$B$34 -> Tinggi | G64: ='B.kriteria & R.kecocokan'!$B$41 -> Rendah | H64: ='B.kriteria & R.kecocokan'!$B$72 -> Rendah | I64: ='B.kriteria & R.kecocokan'!$B$95 -> Rendah | J64: ='B.kriteria & R.kecocokan'!$B$81 -> Tinggi | K64: ='B.kriteria & R.kecocokan'!$B$90 -> Sangat Sedikit | L64: ='B.kriteria & R.kecocokan'!$B$49 -> Rendah | M64: ='B.kriteria & R.kecocokan'!$B$57 -> Rendah | N64: ='B.kriteria & R.kecocokan'!$B$65 -> Rendah | O64: Layak | P64: =_xlfn.IFS(M64="Rendah","Tidak",M64="Tinggi","Layak",M64="sedang",IF(OR(K64="Sedang",K64="Sangat Sedikit"),"Layak",IF(F64="Sangat Tinggi","Layak"," Tidak"))) -> Tidak
A65: 63 | B65: =Penghasilan!B49 -> 3523152101140003 | C65: SOEWITO | D65: 02 / 05 | E65: ='B.kriteria & R.kecocokan'!$B$23 -> Banyak | F65: ='B.kriteria & R.kecocokan'!$B$34 -> Tinggi | G65: ='B.kriteria & R.kecocokan'!$B$41 -> Rendah | H65: ='B.kriteria & R.kecocokan'!$B$72 -> Rendah | I65: ='B.kriteria & R.kecocokan'!$B$95 -> Rendah | J65: ='B.kriteria & R.kecocokan'!$B$81 -> Tinggi | K65: ='B.kriteria & R.kecocokan'!$B$90 -> Sangat Sedikit | L65: ='B.kriteria & R.kecocokan'!$B$49 -> Rendah | M65: ='B.kriteria & R.kecocokan'!$B$57 -> Rendah | N65: ='B.kriteria & R.kecocokan'!$B$65 -> Rendah | O65: Tidak | P65: =_xlfn.IFS(M65="Rendah","Tidak",M65="Tinggi","Layak",M65="sedang",IF(OR(K65="Sedang",K65="Sangat Sedikit"),"Layak",IF(F65="Sangat Tinggi","Layak"," Tidak"))) -> Tidak
A66: 64 | B66: =Penghasilan!B47 -> 3523151309090182 | C66: SARTI | D66: 02 / 05 | E66: ='B.kriteria & R.kecocokan'!$B$25 -> Sedikit | F66: ='B.kriteria & R.kecocokan'!$B$34 -> Tinggi | G66: ='B.kriteria & R.kecocokan'!$B$41 -> Rendah | H66: ='B.kriteria & R.kecocokan'!$B$72 -> Rendah | I66: ='B.kriteria & R.kecocokan'!$B$95 -> Rendah | J66: ='B.kriteria & R.kecocokan'!$B$81 -> Tinggi | K66: ='B.kriteria & R.kecocokan'!$B$90 -> Sangat Sedikit | L66: ='B.kriteria & R.kecocokan'!$B$49 -> Rendah | M66: ='B.kriteria & R.kecocokan'!$B$57 -> Rendah | N66: ='B.kriteria & R.kecocokan'!$B$65 -> Rendah | O66: Tidak | P66: =_xlfn.IFS(M66="Rendah","Tidak",M66="Tinggi","Layak",M66="sedang",IF(OR(K66="Sedang",K66="Sangat Sedikit"),"Layak",IF(F66="Sangat Tinggi","Layak"," Tidak"))) -> Tidak
A67: 65 | B67: =Penghasilan!B48 -> 3523151403060776 | C67: SUMADI | D67: 02 / 05 | E67: ='B.kriteria & R.kecocokan'!$B$23 -> Banyak | F67: ='B.kriteria & R.kecocokan'!$B$34 -> Tinggi | G67: ='B.kriteria & R.kecocokan'!$B$41 -> Rendah | H67: ='B.kriteria & R.kecocokan'!$B$72 -> Rendah | I67: ='B.kriteria & R.kecocokan'!$B$95 -> Rendah | J67: ='B.kriteria & R.kecocokan'!$B$80 -> Rendah | K67: ='B.kriteria & R.kecocokan'!$B$89 -> Sedikit | L67: ='B.kriteria & R.kecocokan'!$B$49 -> Rendah | M67: ='B.kriteria & R.kecocokan'!$B$57 -> Rendah | N67: ='B.kriteria & R.kecocokan'!$B$65 -> Rendah | O67: Tidak | P67: =_xlfn.IFS(M67="Rendah","Tidak",M67="Tinggi","Layak",M67="sedang",IF(OR(K67="Sedang",K67="Sangat Sedikit"),"Layak",IF(F67="Sangat Tinggi","Layak"," Tidak"))) -> Tidak
A68: 66 | B68: =Penghasilan!B50 -> 3523152212160003 | C68: SUTARTO | D68: 02 / 05 | E68: ='B.kriteria & R.kecocokan'!$B$23 -> Banyak | F68: ='B.kriteria & R.kecocokan'!$B$34 -> Tinggi | G68: ='B.kriteria & R.kecocokan'!$B$41 -> Rendah | H68: ='B.kriteria & R.kecocokan'!$B$72 -> Rendah | I68: ='B.kriteria & R.kecocokan'!$B$95 -> Rendah | J68: ='B.kriteria & R.kecocokan'!$B$80 -> Rendah | K68: ='B.kriteria & R.kecocokan'!$B$89 -> Sedikit | L68: ='B.kriteria & R.kecocokan'!$B$49 -> Rendah | M68: ='B.kriteria & R.kecocokan'!$B$57 -> Rendah | N68: ='B.kriteria & R.kecocokan'!$B$65 -> Rendah | O68: Tidak | P68: =_xlfn.IFS(M68="Rendah","Tidak",M68="Tinggi","Layak",M68="sedang",IF(OR(K68="Sedang",K68="Sangat Sedikit"),"Layak",IF(F68="Sangat Tinggi","Layak"," Tidak"))) -> Tidak
A69: 67 | B69: =Penghasilan!B51 -> 3523151403063105 | C69: TARMUJI | D69: 02 / 05 | E69: ='B.kriteria & R.kecocokan'!$B$24 -> Cukup | F69: ='B.kriteria & R.kecocokan'!$B$34 -> Tinggi | G69: ='B.kriteria & R.kecocokan'!$B$41 -> Rendah | H69: ='B.kriteria & R.kecocokan'!$B$72 -> Rendah | I69: ='B.kriteria & R.kecocokan'!$B$95 -> Rendah | J69: ='B.kriteria & R.kecocokan'!$B$80 -> Rendah | K69: ='B.kriteria & R.kecocokan'!$B$89 -> Sedikit | L69: ='B.kriteria & R.kecocokan'!$B$49 -> Rendah | M69: ='B.kriteria & R.kecocokan'!$B$57 -> Rendah | N69: ='B.kriteria & R.kecocokan'!$B$65 -> Rendah | O69: Tidak | P69: =_xlfn.IFS(M69="Rendah","Tidak",M69="Tinggi","Layak",M69="sedang",IF(OR(K69="Sedang",K69="Sangat Sedikit"),"Layak",IF(F69="Sangat Tinggi","Layak"," Tidak"))) -> Tidak
A70: 68 | B70: =Penghasilan!B52 -> 3523152207170003 | C70: ADENAN | D70: 02 / 05 | E70: ='B.kriteria & R.kecocokan'!$B$24 -> Cukup | F70: ='B.kriteria & R.kecocokan'!$B$34 -> Tinggi | G70: ='B.kriteria & R.kecocokan'!$B$41 -> Rendah | H70: ='B.kriteria & R.kecocokan'!$B$72 -> Rendah | I70: ='B.kriteria & R.kecocokan'!$B$95 -> Rendah | J70: ='B.kriteria & R.kecocokan'!$B$80 -> Rendah | K70: ='B.kriteria & R.kecocokan'!$B$89 -> Sedikit | L70: ='B.kriteria & R.kecocokan'!$B$49 -> Rendah | M70: ='B.kriteria & R.kecocokan'!$B$57 -> Rendah | N70: ='B.kriteria & R.kecocokan'!$B$65 -> Rendah | O70: Tidak | P70: =_xlfn.IFS(M70="Rendah","Tidak",M70="Tinggi","Layak",M70="sedang",IF(OR(K70="Sedang",K70="Sangat Sedikit"),"Layak",IF(F70="Sangat Tinggi","Layak"," Tidak"))) -> Tidak
A71: 69 | B71: =Penghasilan!B54 -> 3523151403064641 | C71: MARSINAH | D71: 02 / 05 | E71: ='B.kriteria & R.kecocokan'!$B$25 -> Sedikit | F71: ='B.kriteria & R.kecocokan'!$B$34 -> Tinggi | G71: ='B.kriteria & R.kecocokan'!$B$41 -> Rendah | H71: ='B.kriteria & R.kecocokan'!$B$72 -> Rendah | I71: ='B.kriteria & R.kecocokan'!$B$95 -> Rendah | J71: ='B.kriteria & R.kecocokan'!$B$81 -> Tinggi | K71: ='B.kriteria & R.kecocokan'!$B$90 -> Sangat Sedikit | L71: ='B.kriteria & R.kecocokan'!$B$49 -> Rendah | M71: ='B.kriteria & R.kecocokan'!$B$57 -> Rendah | N71: ='B.kriteria & R.kecocokan'!$B$65 -> Rendah | O71: Tidak | P71: =_xlfn.IFS(M71="Rendah","Tidak",M71="Tinggi","Layak",M71="sedang",IF(OR(K71="Sedang",K71="Sangat Sedikit"),"Layak",IF(F71="Sangat Tinggi","Layak"," Tidak"))) -> Tidak
A72: 70 | B72: =Penghasilan!B53 -> 3523151403060757 | C72: JUNAEDI | D72: 02 / 05 | E72: ='B.kriteria & R.kecocokan'!$B$23 -> Banyak | F72: ='B.kriteria & R.kecocokan'!$B$34 -> Tinggi | G72: ='B.kriteria & R.kecocokan'!$B$41 -> Rendah | H72: ='B.kriteria & R.kecocokan'!$B$72 -> Rendah | I72: ='B.kriteria & R.kecocokan'!$B$95 -> Rendah | J72: ='B.kriteria & R.kecocokan'!$B$80 -> Rendah | K72: ='B.kriteria & R.kecocokan'!$B$88 -> Sedang | L72: ='B.kriteria & R.kecocokan'!$B$49 -> Rendah | M72: ='B.kriteria & R.kecocokan'!$B$57 -> Rendah | N72: ='B.kriteria & R.kecocokan'!$B$65 -> Rendah | O72: Tidak | P72: =_xlfn.IFS(M72="Rendah","Tidak",M72="Tinggi","Layak",M72="sedang",IF(OR(K72="Sedang",K72="Sangat Sedikit"),"Layak",IF(F72="Sangat Tinggi","Layak"," Tidak"))) -> Tidak
A73: 71 | B73: =Penghasilan!B55 -> 3523151309090179 | C73: ANTON WAHYUDIN | D73: 02 / 05 | E73: ='B.kriteria & R.kecocokan'!$B$23 -> Banyak | F73: ='B.kriteria & R.kecocokan'!$B$34 -> Tinggi | G73: ='B.kriteria & R.kecocokan'!$B$41 -> Rendah | H73: ='B.kriteria & R.kecocokan'!$B$72 -> Rendah | I73: ='B.kriteria & R.kecocokan'!$B$95 -> Rendah | J73: ='B.kriteria & R.kecocokan'!$B$80 -> Rendah | K73: ='B.kriteria & R.kecocokan'!$B$88 -> Sedang | L73: ='B.kriteria & R.kecocokan'!$B$49 -> Rendah | M73: ='B.kriteria & R.kecocokan'!$B$57 -> Rendah | N73: ='B.kriteria & R.kecocokan'!$B$65 -> Rendah | O73: Tidak | P73: =_xlfn.IFS(M73="Rendah","Tidak",M73="Tinggi","Layak",M73="sedang",IF(OR(K73="Sedang",K73="Sangat Sedikit"),"Layak",IF(F73="Sangat Tinggi","Layak"," Tidak"))) -> Tidak
A74: 72 | B74: =Penghasilan!B56 -> 3523151309090183 | C74: SAMAD | D74: 02 / 05 | E74: ='B.kriteria & R.kecocokan'!$B$23 -> Banyak | F74: ='B.kriteria & R.kecocokan'!$B$34 -> Tinggi | G74: ='B.kriteria & R.kecocokan'!$B$41 -> Rendah | H74: ='B.kriteria & R.kecocokan'!$B$72 -> Rendah | I74: ='B.kriteria & R.kecocokan'!$B$95 -> Rendah | J74: ='B.kriteria & R.kecocokan'!$B$81 -> Tinggi | K74: ='B.kriteria & R.kecocokan'!$B$90 -> Sangat Sedikit | L74: ='B.kriteria & R.kecocokan'!$B$49 -> Rendah | M74: ='B.kriteria & R.kecocokan'!$B$57 -> Rendah | N74: ='B.kriteria & R.kecocokan'!$B$65 -> Rendah | O74: Tidak | P74: =_xlfn.IFS(M74="Rendah","Tidak",M74="Tinggi","Layak",M74="sedang",IF(OR(K74="Sedang",K74="Sangat Sedikit"),"Layak",IF(F74="Sangat Tinggi","Layak"," Tidak"))) -> Tidak
A75: 73 | B75: =Penghasilan!B57 -> 3523152310180005 | C75: DARKUN | D75: 02 / 05 | E75: ='B.kriteria & R.kecocokan'!$B$23 -> Banyak | F75: ='B.kriteria & R.kecocokan'!$B$35 -> Sangat Tinggi | G75: ='B.kriteria & R.kecocokan'!$B$41 -> Rendah | H75: ='B.kriteria & R.kecocokan'!$B$72 -> Rendah | I75: ='B.kriteria & R.kecocokan'!$B$95 -> Rendah | J75: ='B.kriteria & R.kecocokan'!$B$80 -> Rendah | K75: ='B.kriteria & R.kecocokan'!$B$90 -> Sangat Sedikit | L75: ='B.kriteria & R.kecocokan'!$B$51 -> Tinggi | M75: ='B.kriteria & R.kecocokan'!$B$57 -> Rendah | N75: ='B.kriteria & R.kecocokan'!$B$65 -> Rendah | O75: Tidak | P75: =_xlfn.IFS(M75="Rendah","Tidak",M75="Tinggi","Layak",M75="sedang",IF(OR(K75="Sedang",K75="Sangat Sedikit"),"Layak",IF(F75="Sangat Tinggi","Layak"," Tidak"))) -> Tidak
A76: 74 | B76: =Penghasilan!B58 -> 3523151403060766 | C76: M.SUEB | D76: 02 / 05 | E76: ='B.kriteria & R.kecocokan'!$B$24 -> Cukup | F76: ='B.kriteria & R.kecocokan'!$B$34 -> Tinggi | G76: ='B.kriteria & R.kecocokan'!$B$41 -> Rendah | H76: ='B.kriteria & R.kecocokan'!$B$72 -> Rendah | I76: ='B.kriteria & R.kecocokan'!$B$95 -> Rendah | J76: ='B.kriteria & R.kecocokan'!$B$80 -> Rendah | K76: ='B.kriteria & R.kecocokan'!$B$89 -> Sedikit | L76: ='B.kriteria & R.kecocokan'!$B$49 -> Rendah | M76: ='B.kriteria & R.kecocokan'!$B$57 -> Rendah | N76: ='B.kriteria & R.kecocokan'!$B$65 -> Rendah | O76: Tidak | P76: =_xlfn.IFS(M76="Rendah","Tidak",M76="Tinggi","Layak",M76="sedang",IF(OR(K76="Sedang",K76="Sangat Sedikit"),"Layak",IF(F76="Sangat Tinggi","Layak"," Tidak"))) -> Tidak
A77: 75 | B77: =Penghasilan!B15 -> 3523151403060759 | C77: DHIQ PRIHADI | D77: 02 / 05 | E77: ='B.kriteria & R.kecocokan'!$B$24 -> Cukup | F77: ='B.kriteria & R.kecocokan'!$B$34 -> Tinggi | G77: ='B.kriteria & R.kecocokan'!$B$43 -> Tinggi | H77: ='B.kriteria & R.kecocokan'!$B$72 -> Rendah | I77: ='B.kriteria & R.kecocokan'!$B$95 -> Rendah | J77: ='B.kriteria & R.kecocokan'!$B$80 -> Rendah | K77: ='B.kriteria & R.kecocokan'!$B$88 -> Sedang | L77: ='B.kriteria & R.kecocokan'!$B$49 -> Rendah | M77: ='B.kriteria & R.kecocokan'!$B$57 -> Rendah | N77: ='B.kriteria & R.kecocokan'!$B$65 -> Rendah | O77: Tidak | P77: =_xlfn.IFS(M77="Rendah","Tidak",M77="Tinggi","Layak",M77="sedang",IF(OR(K77="Sedang",K77="Sangat Sedikit"),"Layak",IF(F77="Sangat Tinggi","Layak"," Tidak"))) -> Tidak
A78: 76 | B78: =Penghasilan!B14 -> 3523152110200008 | C78: GENDUT HARIYANTO | D78: 02 / 05 | E78: ='B.kriteria & R.kecocokan'!$B$23 -> Banyak | F78: ='B.kriteria & R.kecocokan'!$B$34 -> Tinggi | G78: ='B.kriteria & R.kecocokan'!$B$41 -> Rendah | H78: ='B.kriteria & R.kecocokan'!$B$72 -> Rendah | I78: ='B.kriteria & R.kecocokan'!$B$95 -> Rendah | J78: ='B.kriteria & R.kecocokan'!$B$81 -> Tinggi | K78: ='B.kriteria & R.kecocokan'!$B$88 -> Sedang | L78: ='B.kriteria & R.kecocokan'!$B$49 -> Rendah | M78: ='B.kriteria & R.kecocokan'!$B$57 -> Rendah | N78: ='B.kriteria & R.kecocokan'!$B$65 -> Rendah | O78: Tidak | P78: =_xlfn.IFS(M78="Rendah","Tidak",M78="Tinggi","Layak",M78="sedang",IF(OR(K78="Sedang",K78="Sangat Sedikit"),"Layak",IF(F78="Sangat Tinggi","Layak"," Tidak"))) -> Tidak
A79: 77 | B79: =Penghasilan!B16 -> 3523150508150003 | C79: SUTARSIH | D79: 02 / 05 | E79: ='B.kriteria & R.kecocokan'!$B$24 -> Cukup | F79: ='B.kriteria & R.kecocokan'!$B$34 -> Tinggi | G79: ='B.kriteria & R.kecocokan'!$B$41 -> Rendah | H79: ='B.kriteria & R.kecocokan'!$B$72 -> Rendah | I79: ='B.kriteria & R.kecocokan'!$B$95 -> Rendah | J79: ='B.kriteria & R.kecocokan'!$B$81 -> Tinggi | K79: ='B.kriteria & R.kecocokan'!$B$90 -> Sangat Sedikit | L79: ='B.kriteria & R.kecocokan'!$B$49 -> Rendah | M79: ='B.kriteria & R.kecocokan'!$B$57 -> Rendah | N79: ='B.kriteria & R.kecocokan'!$B$65 -> Rendah | O79: Tidak | P79: =_xlfn.IFS(M79="Rendah","Tidak",M79="Tinggi","Layak",M79="sedang",IF(OR(K79="Sedang",K79="Sangat Sedikit"),"Layak",IF(F79="Sangat Tinggi","Layak"," Tidak"))) -> Tidak
A80: 78 | B80: =Penghasilan!B11 -> 3523151403061497 | C80: RUJU ALIP | D80: 02 / 05 | E80: ='B.kriteria & R.kecocokan'!$B$24 -> Cukup | F80: ='B.kriteria & R.kecocokan'!$B$34 -> Tinggi | G80: ='B.kriteria & R.kecocokan'!$B$43 -> Tinggi | H80: ='B.kriteria & R.kecocokan'!$B$72 -> Rendah | I80: ='B.kriteria & R.kecocokan'!$B$95 -> Rendah | J80: ='B.kriteria & R.kecocokan'!$B$80 -> Rendah | K80: ='B.kriteria & R.kecocokan'!$B$90 -> Sangat Sedikit | L80: ='B.kriteria & R.kecocokan'!$B$49 -> Rendah | M80: ='B.kriteria & R.kecocokan'!$B$57 -> Rendah | N80: ='B.kriteria & R.kecocokan'!$B$65 -> Rendah | O80: Tidak | P80: =_xlfn.IFS(M80="Rendah","Tidak",M80="Tinggi","Layak",M80="sedang",IF(OR(K80="Sedang",K80="Sangat Sedikit"),"Layak",IF(F80="Sangat Tinggi","Layak"," Tidak"))) -> Tidak
A81: 79 | B81: =Penghasilan!B24 -> 3523151403061467 | C81: PATMI | D81: 02 / 05 | E81: ='B.kriteria & R.kecocokan'!$B$25 -> Sedikit | F81: ='B.kriteria & R.kecocokan'!$B$34 -> Tinggi | G81: ='B.kriteria & R.kecocokan'!$B$41 -> Rendah | H81: ='B.kriteria & R.kecocokan'!$B$72 -> Rendah | I81: ='B.kriteria & R.kecocokan'!$B$95 -> Rendah | J81: ='B.kriteria & R.kecocokan'!$B$81 -> Tinggi | K81: ='B.kriteria & R.kecocokan'!$B$90 -> Sangat Sedikit | L81: ='B.kriteria & R.kecocokan'!$B$49 -> Rendah | M81: ='B.kriteria & R.kecocokan'!$B$58 -> Sedang | N81: ='B.kriteria & R.kecocokan'!$B$65 -> Rendah | O81: Layak | P81: =_xlfn.IFS(M81="Rendah","Tidak",M81="Tinggi","Layak",M81="sedang",IF(OR(K81="Sedang",K81="Sangat Sedikit"),"Layak",IF(F81="Sangat Tinggi","Layak"," Tidak"))) -> Layak
A82: 80 | B82: =Penghasilan!B13 -> 3523151008120009 | C82: DIDIK PURNOMO | D82: 02 / 05 | E82: ='B.kriteria & R.kecocokan'!$B$25 -> Sedikit | F82: ='B.kriteria & R.kecocokan'!$B$34 -> Tinggi | G82: ='B.kriteria & R.kecocokan'!$B$43 -> Tinggi | H82: ='B.kriteria & R.kecocokan'!$B$72 -> Rendah | I82: ='B.kriteria & R.kecocokan'!$B$96 -> Tinggi | J82: ='B.kriteria & R.kecocokan'!$B$80 -> Rendah | K82: ='B.kriteria & R.kecocokan'!$B$89 -> Sedikit | L82: ='B.kriteria & R.kecocokan'!$B$49 -> Rendah | M82: ='B.kriteria & R.kecocokan'!$B$57 -> Rendah | N82: ='B.kriteria & R.kecocokan'!$B$65 -> Rendah | O82: Tidak | P82: =_xlfn.IFS(M82="Rendah","Tidak",M82="Tinggi","Layak",M82="sedang",IF(OR(K82="Sedang",K82="Sangat Sedikit"),"Layak",IF(F82="Sangat Tinggi","Layak"," Tidak"))) -> Tidak
A83: 81 | B83: =Penghasilan!B12 -> 3523151403061490 | C83: SUTARTI | D83: 02 / 05 | E83: ='B.kriteria & R.kecocokan'!$B$25 -> Sedikit | F83: ='B.kriteria & R.kecocokan'!$B$34 -> Tinggi | G83: ='B.kriteria & R.kecocokan'!$B$41 -> Rendah | H83: ='B.kriteria & R.kecocokan'!$B$72 -> Rendah | I83: ='B.kriteria & R.kecocokan'!$B$95 -> Rendah | J83: ='B.kriteria & R.kecocokan'!$B$81 -> Tinggi | K83: ='B.kriteria & R.kecocokan'!$B$90 -> Sangat Sedikit | L83: ='B.kriteria & R.kecocokan'!$B$49 -> Rendah | M83: ='B.kriteria & R.kecocokan'!$B$57 -> Rendah | N83: ='B.kriteria & R.kecocokan'!$B$65 -> Rendah | O83: Tidak | P83: =_xlfn.IFS(M83="Rendah","Tidak",M83="Tinggi","Layak",M83="sedang",IF(OR(K83="Sedang",K83="Sangat Sedikit"),"Layak",IF(F83="Sangat Tinggi","Layak"," Tidak"))) -> Tidak
A84: 82 | B84: =Penghasilan!B6 -> 3523151309090184 | C84: YONO | D84: 02 / 05 | E84: ='B.kriteria & R.kecocokan'!$B$25 -> Sedikit | F84: ='B.kriteria & R.kecocokan'!$B$34 -> Tinggi | G84: ='B.kriteria & R.kecocokan'!$B$41 -> Rendah | H84: ='B.kriteria & R.kecocokan'!$B$72 -> Rendah | I84: ='B.kriteria & R.kecocokan'!$B$95 -> Rendah | J84: ='B.kriteria & R.kecocokan'!$B$80 -> Rendah | K84: ='B.kriteria & R.kecocokan'!$B$88 -> Sedang | L84: ='B.kriteria & R.kecocokan'!$B$49 -> Rendah | M84: ='B.kriteria & R.kecocokan'!$B$57 -> Rendah | N84: ='B.kriteria & R.kecocokan'!$B$65 -> Rendah | O84: Tidak | P84: =_xlfn.IFS(M84="Rendah","Tidak",M84="Tinggi","Layak",M84="sedang",IF(OR(K84="Sedang",K84="Sangat Sedikit"),"Layak",IF(F84="Sangat Tinggi","Layak"," Tidak"))) -> Tidak
A85: 83 | B85: =Penghasilan!B26 -> 3523151309090126 | C85: SAMSI | D85: 02 / 05 | E85: ='B.kriteria & R.kecocokan'!$B$24 -> Cukup | F85: ='B.kriteria & R.kecocokan'!$B$34 -> Tinggi | G85: ='B.kriteria & R.kecocokan'!$B$41 -> Rendah | H85: ='B.kriteria & R.kecocokan'!$B$72 -> Rendah | I85: ='B.kriteria & R.kecocokan'!$B$95 -> Rendah | J85: ='B.kriteria & R.kecocokan'!$B$80 -> Rendah | K85: ='B.kriteria & R.kecocokan'!$B$89 -> Sedikit | L85: ='B.kriteria & R.kecocokan'!$B$49 -> Rendah | M85: ='B.kriteria & R.kecocokan'!$B$58 -> Sedang | N85: ='B.kriteria & R.kecocokan'!$B$65 -> Rendah | O85: Layak | P85: =_xlfn.IFS(M85="Rendah","Tidak",M85="Tinggi","Layak",M85="sedang",IF(OR(K85="Sedang",K85="Sangat Sedikit"),"Layak",IF(F85="Sangat Tinggi","Layak"," Tidak"))) -> Tidak
A86: 84 | B86: =Penghasilan!B6 -> 3523151309090184 | C86: SAKRUN | D86: 02 / 05 | E86: ='B.kriteria & R.kecocokan'!$B$24 -> Cukup | F86: ='B.kriteria & R.kecocokan'!$B$34 -> Tinggi | G86: ='B.kriteria & R.kecocokan'!$B$41 -> Rendah | H86: ='B.kriteria & R.kecocokan'!$B$72 -> Rendah | I86: ='B.kriteria & R.kecocokan'!$B$95 -> Rendah | J86: ='B.kriteria & R.kecocokan'!$B$80 -> Rendah | K86: ='B.kriteria & R.kecocokan'!$B$90 -> Sangat Sedikit | L86: ='B.kriteria & R.kecocokan'!$B$49 -> Rendah | M86: ='B.kriteria & R.kecocokan'!$B$57 -> Rendah | N86: ='B.kriteria & R.kecocokan'!$B$65 -> Rendah | O86: Tidak | P86: =_xlfn.IFS(M86="Rendah","Tidak",M86="Tinggi","Layak",M86="sedang",IF(OR(K86="Sedang",K86="Sangat Sedikit"),"Layak",IF(F86="Sangat Tinggi","Layak"," Tidak"))) -> Tidak
A87: 85 | B87: =Penghasilan!B17 -> 3523151403060761 | C87: DWI PURWANTO | D87: 02 / 05 | E87: ='B.kriteria & R.kecocokan'!$B$23 -> Banyak | F87: ='B.kriteria & R.kecocokan'!$B$34 -> Tinggi | G87: ='B.kriteria & R.kecocokan'!$B$41 -> Rendah | H87: ='B.kriteria & R.kecocokan'!$B$72 -> Rendah | I87: ='B.kriteria & R.kecocokan'!$B$96 -> Tinggi | J87: ='B.kriteria & R.kecocokan'!$B$80 -> Rendah | K87: ='B.kriteria & R.kecocokan'!$B$90 -> Sangat Sedikit | L87: ='B.kriteria & R.kecocokan'!$B$49 -> Rendah | M87: ='B.kriteria & R.kecocokan'!$B$57 -> Rendah | N87: ='B.kriteria & R.kecocokan'!$B$65 -> Rendah | O87: Tidak | P87: =_xlfn.IFS(M87="Rendah","Tidak",M87="Tinggi","Layak",M87="sedang",IF(OR(K87="Sedang",K87="Sangat Sedikit"),"Layak",IF(F87="Sangat Tinggi","Layak"," Tidak"))) -> Tidak
A88: 86 | B88: =Penghasilan!B20 -> 3523151409180003 | C88: ASTRO DJOYO WARAS | D88: 02 / 05 | E88: ='B.kriteria & R.kecocokan'!$B$25 -> Sedikit | F88: ='B.kriteria & R.kecocokan'!$B$34 -> Tinggi | G88: ='B.kriteria & R.kecocokan'!$B$41 -> Rendah | H88: ='B.kriteria & R.kecocokan'!$B$72 -> Rendah | I88: ='B.kriteria & R.kecocokan'!$B$95 -> Rendah | J88: ='B.kriteria & R.kecocokan'!$B$81 -> Tinggi | K88: ='B.kriteria & R.kecocokan'!$B$90 -> Sangat Sedikit | L88: ='B.kriteria & R.kecocokan'!$B$49 -> Rendah | M88: ='B.kriteria & R.kecocokan'!$B$57 -> Rendah | N88: ='B.kriteria & R.kecocokan'!$B$65 -> Rendah | O88: Layak | P88: =_xlfn.IFS(M88="Rendah","Tidak",M88="Tinggi","Layak",M88="sedang",IF(OR(K88="Sedang",K88="Sangat Sedikit"),"Layak",IF(F88="Sangat Tinggi","Layak"," Tidak"))) -> Tidak
A89: 87 | B89: =Penghasilan!B19 -> 3523152901190003 | C89: MAMPUANTO | D89: 02 /05 | E89: ='B.kriteria & R.kecocokan'!$B$25 -> Sedikit | F89: ='B.kriteria & R.kecocokan'!$B$35 -> Sangat Tinggi | G89: ='B.kriteria & R.kecocokan'!$B$43 -> Tinggi | H89: ='B.kriteria & R.kecocokan'!$B$72 -> Rendah | I89: ='B.kriteria & R.kecocokan'!$B$95 -> Rendah | J89: ='B.kriteria & R.kecocokan'!$B$80 -> Rendah | K89: ='B.kriteria & R.kecocokan'!$B$89 -> Sedikit | L89: ='B.kriteria & R.kecocokan'!$B$49 -> Rendah | M89: ='B.kriteria & R.kecocokan'!$B$57 -> Rendah | N89: ='B.kriteria & R.kecocokan'!$B$65 -> Rendah | O89: Tidak | P89: =_xlfn.IFS(M89="Rendah","Tidak",M89="Tinggi","Layak",M89="sedang",IF(OR(K89="Sedang",K89="Sangat Sedikit"),"Layak",IF(F89="Sangat Tinggi","Layak"," Tidak"))) -> Tidak
A90: 88 | B90: =Penghasilan!B7 -> 3523152906120006 | C90: MULYONO | D90: 02 /05 | E90: ='B.kriteria & R.kecocokan'!$B$25 -> Sedikit | F90: ='B.kriteria & R.kecocokan'!$B$35 -> Sangat Tinggi | G90: ='B.kriteria & R.kecocokan'!$B$41 -> Rendah | H90: ='B.kriteria & R.kecocokan'!$B$72 -> Rendah | I90: ='B.kriteria & R.kecocokan'!$B$95 -> Rendah | J90: ='B.kriteria & R.kecocokan'!$B$81 -> Tinggi | K90: ='B.kriteria & R.kecocokan'!$B$90 -> Sangat Sedikit | L90: ='B.kriteria & R.kecocokan'!$B$51 -> Tinggi | M90: ='B.kriteria & R.kecocokan'!$B$59 -> Tinggi | N90: ='B.kriteria & R.kecocokan'!$B$65 -> Rendah | O90: Layak | P90: =_xlfn.IFS(M90="Rendah","Tidak",M90="Tinggi","Layak",M90="sedang",IF(OR(K90="Sedang",K90="Sangat Sedikit"),"Layak",IF(F90="Sangat Tinggi","Layak"," Tidak"))) -> Layak
A91: 89 | B91: =Penghasilan!B5 -> No KK | C91: KARNADI | D91: 02 / 05 | E91: ='B.kriteria & R.kecocokan'!$B$24 -> Cukup | F91: ='B.kriteria & R.kecocokan'!$B$34 -> Tinggi | G91: ='B.kriteria & R.kecocokan'!$B$41 -> Rendah | H91: ='B.kriteria & R.kecocokan'!$B$72 -> Rendah | I91: ='B.kriteria & R.kecocokan'!$B$95 -> Rendah | J91: ='B.kriteria & R.kecocokan'!$B$81 -> Tinggi | K91: ='B.kriteria & R.kecocokan'!$B$90 -> Sangat Sedikit | L91: ='B.kriteria & R.kecocokan'!$B$49 -> Rendah | M91: ='B.kriteria & R.kecocokan'!$B$57 -> Rendah | N91: ='B.kriteria & R.kecocokan'!$B$65 -> Rendah | O91: Tidak | P91: =_xlfn.IFS(M91="Rendah","Tidak",M91="Tinggi","Layak",M91="sedang",IF(OR(K91="Sedang",K91="Sangat Sedikit"),"Layak",IF(F91="Sangat Tinggi","Layak"," Tidak"))) -> Tidak
A92: 90 | B92: =Penghasilan!B8 -> 3523151403061499 | C92: SUKARDI | D92: 02 / 05 | E92: ='B.kriteria & R.kecocokan'!$B$25 -> Sedikit | F92: ='B.kriteria & R.kecocokan'!$B$35 -> Sangat Tinggi | G92: ='B.kriteria & R.kecocokan'!$B$41 -> Rendah | H92: ='B.kriteria & R.kecocokan'!$B$72 -> Rendah | I92: ='B.kriteria & R.kecocokan'!$B$95 -> Rendah | J92: ='B.kriteria & R.kecocokan'!$B$81 -> Tinggi | K92: ='B.kriteria & R.kecocokan'!$B$90 -> Sangat Sedikit | L92: ='B.kriteria & R.kecocokan'!$B$51 -> Tinggi | M92: ='B.kriteria & R.kecocokan'!$B$59 -> Tinggi | N92: ='B.kriteria & R.kecocokan'!$B$65 -> Rendah | O92: Layak | P92: =_xlfn.IFS(M92="Rendah","Tidak",M92="Tinggi","Layak",M92="sedang",IF(OR(K92="Sedang",K92="Sangat Sedikit"),"Layak",IF(F92="Sangat Tinggi","Layak"," Tidak"))) -> Layak
A93: 91 | B93: =Penghasilan!B9 -> 3523151403061502 | C93: WARJANI | D93: 02 / 05 | E93: ='B.kriteria & R.kecocokan'!$B$25 -> Sedikit | F93: ='B.kriteria & R.kecocokan'!$B$34 -> Tinggi | G93: ='B.kriteria & R.kecocokan'!$B$41 -> Rendah | H93: ='B.kriteria & R.kecocokan'!$B$72 -> Rendah | I93: ='B.kriteria & R.kecocokan'!$B$95 -> Rendah | J93: ='B.kriteria & R.kecocokan'!$B$81 -> Tinggi | K93: ='B.kriteria & R.kecocokan'!$B$90 -> Sangat Sedikit | L93: ='B.kriteria & R.kecocokan'!$B$49 -> Rendah | M93: ='B.kriteria & R.kecocokan'!$B$58 -> Sedang | N93: ='B.kriteria & R.kecocokan'!$B$65 -> Rendah | O93: Layak | P93: =_xlfn.IFS(M93="Rendah","Tidak",M93="Tinggi","Layak",M93="sedang",IF(OR(K93="Sedang",K93="Sangat Sedikit"),"Layak",IF(F93="Sangat Tinggi","Layak"," Tidak"))) -> Layak
A94: 92 | B94: =Penghasilan!B10 -> 3523151403061500 | C94: MOCHAMMAD ISWANDI | D94: 02 / 05 | E94: ='B.kriteria & R.kecocokan'!$B$25 -> Sedikit | F94: ='B.kriteria & R.kecocokan'!$B$34 -> Tinggi | G94: ='B.kriteria & R.kecocokan'!$B$41 -> Rendah | H94: ='B.kriteria & R.kecocokan'!$B$72 -> Rendah | I94: ='B.kriteria & R.kecocokan'!$B$95 -> Rendah | J94: ='B.kriteria & R.kecocokan'!$B$80 -> Rendah | K94: ='B.kriteria & R.kecocokan'!$B$88 -> Sedang | L94: ='B.kriteria & R.kecocokan'!$B$49 -> Rendah | M94: ='B.kriteria & R.kecocokan'!$B$58 -> Sedang | N94: ='B.kriteria & R.kecocokan'!$B$65 -> Rendah | O94: Layak | P94: =_xlfn.IFS(M94="Rendah","Tidak",M94="Tinggi","Layak",M94="sedang",IF(OR(K94="Sedang",K94="Sangat Sedikit"),"Layak",IF(F94="Sangat Tinggi","Layak"," Tidak"))) -> Layak
A95: 93 | B95: =Penghasilan!B23 -> 3523151503061503 | C95: MOH . MAHKIN NAUFAL | D95: 02 / 05 | E95: ='B.kriteria & R.kecocokan'!$B$23 -> Banyak | F95: ='B.kriteria & R.kecocokan'!$B$34 -> Tinggi | G95: ='B.kriteria & R.kecocokan'!$B$41 -> Rendah | H95: ='B.kriteria & R.kecocokan'!$B$72 -> Rendah | I95: ='B.kriteria & R.kecocokan'!$B$95 -> Rendah | J95: ='B.kriteria & R.kecocokan'!$B$80 -> Rendah | K95: ='B.kriteria & R.kecocokan'!$B$88 -> Sedang | L95: ='B.kriteria & R.kecocokan'!$B$49 -> Rendah | M95: ='B.kriteria & R.kecocokan'!$B$57 -> Rendah | N95: ='B.kriteria & R.kecocokan'!$B$65 -> Rendah | O95: Tidak | P95: =_xlfn.IFS(M95="Rendah","Tidak",M95="Tinggi","Layak",M95="sedang",IF(OR(K95="Sedang",K95="Sangat Sedikit"),"Layak",IF(F95="Sangat Tinggi","Layak"," Tidak"))) -> Tidak
A98: No. | B98: No KK | C98: Nama Kepala Keluarga | D98: RT / RW | E98: Penghasilan | F98: Luas Rumah | G98: Status Kepemilikan Rumah | H98: Sumber Air | I98: ibu Hamil / menyusui | J98: lansia | K98: jumlah tanggungan (Anak) | L98: jenis dinding | M98: jenis lantai | N98: jenis atap | O98: Keputusan | Q98: node 1.1 | S98: jumlah | T98: Layak | U98: Tidak Layak | V98: Entrophy | W98: Gain
A99: 1 | B99: 3523151708700001 | C99: MUHAMMAD ABIDIN | D99: 01 / 05 | E99: ='B.kriteria & R.kecocokan'!$B$24 -> Cukup | F99: ='B.kriteria & R.kecocokan'!$B$34 -> Tinggi | G99: ='B.kriteria & R.kecocokan'!$B$41 -> Rendah | H99: ='B.kriteria & R.kecocokan'!$B$72 -> Rendah | I99: ='B.kriteria & R.kecocokan'!$B$95 -> Rendah | J99: ='B.kriteria & R.kecocokan'!$B$80 -> Rendah | K99: ='B.kriteria & R.kecocokan'!$B$89 -> Sedikit | L99: ='B.kriteria & R.kecocokan'!$B$49 -> Rendah | M99: ='B.kriteria & R.kecocokan'!$B$57 -> Rendah | N99: ='B.kriteria & R.kecocokan'!$B$65 -> Rendah | O99: Tidak
A100: 2 | B100: 3523151403061494 | C100: MULYONO | D100: 01 / 05 | E100: ='B.kriteria & R.kecocokan'!$B$24 -> Cukup | F100: ='B.kriteria & R.kecocokan'!$B$34 -> Tinggi | G100: ='B.kriteria & R.kecocokan'!$B$41 -> Rendah | H100: ='B.kriteria & R.kecocokan'!$B$72 -> Rendah | I100: ='B.kriteria & R.kecocokan'!$B$95 -> Rendah | J100: ='B.kriteria & R.kecocokan'!$B$81 -> Tinggi | K100: ='B.kriteria & R.kecocokan'!$B$90 -> Sangat Sedikit | L100: ='B.kriteria & R.kecocokan'!$B$49 -> Rendah | M100: ='B.kriteria & R.kecocokan'!$B$57 -> Rendah | N100: ='B.kriteria & R.kecocokan'!$B$65 -> Rendah | O100: Tidak
A101: 3 | B101: 3523150803680008 | C101: CAMPUN | D101: 01 / 05 | E101: ='B.kriteria & R.kecocokan'!$B$23 -> Banyak | F101: ='B.kriteria & R.kecocokan'!$B$34 -> Tinggi | G101: ='B.kriteria & R.kecocokan'!$B$41 -> Rendah | H101: ='B.kriteria & R.kecocokan'!$B$72 -> Rendah | I101: ='B.kriteria & R.kecocokan'!$B$95 -> Rendah | J101: ='B.kriteria & R.kecocokan'!$B$80 -> Rendah | K101: ='B.kriteria & R.kecocokan'!$B$90 -> Sangat Sedikit | L101: ='B.kriteria & R.kecocokan'!$B$49 -> Rendah | M101: ='B.kriteria & R.kecocokan'!$B$57 -> Rendah | N101: ='B.kriteria & R.kecocokan'!$B$65 -> Rendah | O101: Tidak
A102: 4 | B102: 3523152312110002 | C102: SUNTONO | D102: 01 / 05 | E102: ='B.kriteria & R.kecocokan'!$B$24 -> Cukup | F102: ='B.kriteria & R.kecocokan'!$B$34 -> Tinggi | G102: ='B.kriteria & R.kecocokan'!$B$41 -> Rendah | H102: ='B.kriteria & R.kecocokan'!$B$72 -> Rendah | I102: ='B.kriteria & R.kecocokan'!$B$95 -> Rendah | J102: ='B.kriteria & R.kecocokan'!$B$80 -> Rendah | K102: ='B.kriteria & R.kecocokan'!$B$89 -> Sedikit | L102: ='B.kriteria & R.kecocokan'!$B$49 -> Rendah | M102: ='B.kriteria & R.kecocokan'!$B$57 -> Rendah | N102: ='B.kriteria & R.kecocokan'!$B$65 -> Rendah | O102: Tidak
A103: 5 | B103: =Penghasilan!B114 -> 0 | C103: DEDDY MUDHIATAMA | D103: 02 / 05 | E103: ='B.kriteria & R.kecocokan'!$B$24 -> Cukup | F103: ='B.kriteria & R.kecocokan'!$B$34 -> Tinggi | G103: ='B.kriteria & R.kecocokan'!$B$41 -> Rendah | H103: ='B.kriteria & R.kecocokan'!$B$72 -> Rendah | I103: ='B.kriteria & R.kecocokan'!$B$95 -> Rendah | J103: ='B.kriteria & R.kecocokan'!$B$80 -> Rendah | K103: ='B.kriteria & R.kecocokan'!$B$88 -> Sedang | L103: ='B.kriteria & R.kecocokan'!$B$49 -> Rendah | M103: ='B.kriteria & R.kecocokan'!$B$57 -> Rendah | N103: ='B.kriteria & R.kecocokan'!$B$65 -> Rendah | O103: Tidak
...

Sheet data uji
A1: DATA UJI / TESTING K - MEANS | AD1: DATA UJI ALGORITMA C4.5
A2: Iterasi ke 1
A3: cluster 1 | E3: =E10 -> 7.5 | F3: =F10 -> Tinggi | G3: =G10 -> 7.5 | H3: =H10 -> Rendah | I3: =I10 -> 2.5 | J3: =J10 -> Rendah | K3: =K10 -> 2.5 | L3: =L10 -> Rendah | ... W3: =W10 -> 1
A4: cluster 2 | E4: =E13 -> 2.5 | F4: =F13 -> Tinggi | G4: =G13 -> 7.5 | H4: =H13 -> Rendah | I4: =I13 -> 2.5 | J4: =J13 -> Rendah | K4: =K13 -> 2.5 | L4: =L13 -> Rendah | ... W4: =W13 -> 1
A6: No. | B6: Nama Kepala Keluarga | C6: RT / RW | D6: Penghasilan | E6: =$D$6 -> Penghasilan | F6: Luas Rumah | G6: =$F$6 -> Luas Rumah | H6: Status Kepemilikan Rumah | I6: =$H$6 -> Status Kepemilikan Rumah | J6: Sumber Air | K6: =$J$6 -> Sumber Air | L6: ibu Hamil / menyusui | M6: =$L$6 -> ibu Hamil / menyusui | N6: lansia | O6: =$N$6 -> lansia | P6: jumlah tanggungan (Anak) | Q6: =$P$6 -> jumlah tanggungan (Anak) | R6: jenis dinding | S6: =$R$6 -> jenis dinding | T6: jenis lantai | U6: =$T$6 -> jenis lantai | V6: jenis atap | W6: =$V$6 -> jenis atap | X6: Layak (C1) | Y6: Tidak Layak (C2) | Z6: Jarak Terdekat (D) | AA6: Kelompok | AD6: No. | AE6: Nama Kepala Keluarga | AF6: RT / RW | AG6: Penghasilan | AH6: Luas Rumah | AI6: Status Kepemilikan Rumah | AJ6: Sumber Air | AK6: ibu Hamil / menyusui | AL6: lansia | AM6: jumlah tanggungan (Anak) | AN6: jenis dinding | AO6: jenis lantai | AP6: jenis atap | AQ6: Keputusan | AR6: Keputusan (prekdisi)
A7: 16 | B7: TARMUDJI | C7: 01 / 05 | D7: ='B.kriteria & R.kecocokan'!$B$24 -> Cukup | E7: =_xlfn.IFS(D7="Banyak",'B.kriteria & R.kecocokan'!$C$23,D7="Cukup",'B.kriteria & R.kecocokan'!$C$24,D7="Sedikit",'B.kriteria & R.kecocokan'!$C$25) -> 5 | F7: ='B.kriteria & R.kecocokan'!$B$34 -> Tinggi | G7: =_xlfn.IFS(F7="Tinggi",'B.kriteria & R.kecocokan'!$C$34,F7="Sangat Tinggi",'B.kriteria & R.kecocokan'!$C$35) -> 7.5 | H7: ='B.kriteria & R.kecocokan'!$B$41 -> Rendah | I7: =_xlfn.IFS(H7="Rendah",'B.kriteria & R.kecocokan'!$C$41,H7="Sedang",'B.kriteria & R.kecocokan'!$C$42,H7="Tinggi",'B.kriteria & R.kecocokan'!$C$43) -> 2.5 | J7: ='B.kriteria & R.kecocokan'!$B$72 -> Rendah | K7: =_xlfn.IFS(J7="Rendah",'B.kriteria & R.kecocokan'!$C$72,J7="Sedang",'B.kriteria & R.kecocokan'!$C$73,J7="Tinggi",'B.kriteria & R.kecocokan'!$C$74) -> 2.5 | L7: ='B.kriteria & R.kecocokan'!$B$95 -> Rendah | M7: =_xlfn.IFS(L7="Rendah",'B.kriteria & R.kecocokan'!$C$95,L7="Tinggi",'B.kriteria & R.kecocokan'!$C$96) -> 2.5 | N7: ='B.kriteria & R.kecocokan'!$B$81 -> Tinggi | O7: =_xlfn.IFS(N7="Rendah",'B.kriteria & R.kecocokan'!$C$80,N7="Tinggi",'B.kriteria & R.kecocokan'!$C$81) -> 7.5 | P7: ='B.kriteria & R.kecocokan'!$B$90 -> Sangat Sedikit | Q7: =_xlfn.IFS(P7="Sedikit",'B.kriteria & R.kecocokan'!$C$89,P7="Sedang",'B.kriteria & R.kecocokan'!$C$88,P7="Sangat Sedikit",'B.kriteria & R.kecocokan'!$C$90) -> 1 | R7: ='B.kriteria & R.kecocokan'!$B$49 -> Rendah | S7: =_xlfn.IFS(R7="Rendah",'B.kriteria & R.kecocokan'!$C$49,R7="Sedang",'B.kriteria & R.kecocokan'!$C$50,R7="Tinggi",'B.kriteria & R.kecocokan'!$C$51) -> 2.5 | T7: ='B.kriteria & R.kecocokan'!$B$57 -> Rendah | U7: =_xlfn.IFS(T7="Rendah",'B.kriteria & R.kecocokan'!$C$57,T7="Sedang",'B.kriteria & R.kecocokan'!$C$58,T7="Tinggi",'B.kriteria & R.kecocokan'!$C$59) -> 2.5 | V7: ='B.kriteria & R.kecocokan'!$B$65 -> Rendah | W7: =_xlfn.IFS(V7="Rendah",'B.kriteria & R.kecocokan'!$C$65,V7="Sedang",'B.kriteria & R.kecocokan'!$C$66,V7="Tinggi",'B.kriteria & R.kecocokan'!$C$67) -> 1 | X7: =SQRT(((E7-$E$3)^2)+((G7-$G$3)^2)+((I7-$I$3)^2+((K7-$K$3)^2)+((M7-$M$3)^2)+((O7-$O$3)^2)+((Q7-$Q$3)^2)+((S7-$S$3)^2)+((U7-$U$3)^2)+((W7-$W$3)^2))) -> 3.5355339 | Y7: =SQRT(((E7-$E$4)^2)+((G7-$G$4)^2)+((I7-$I$4)^2)+((K7-$K$4)^2)+((M7-$M$4)^2+((O7-$O$4)^2)+((Q7-$Q$4)^2)+((S7-$S$4)^2)+((U7-$U$4)^2)+((W7-$W$4^2)))) -> 6.8738635 | Z7: =MIN(X7:Y7) -> 3.5355339 | AA7: =IF(X7<Y7,"Layak","Tidak Layak") -> Layak | AD7: 84 | AE7: SAKRUN | AF7: 02 / 05 | AG7: ='B.kriteria & R.kecocokan'!$B$24 -> Cukup | AH7: ='B.kriteria & R.kecocokan'!$B$34 -> Tinggi | AI7: ='B.kriteria & R.kecocokan'!$B$41 -> Rendah | AJ7: ='B.kriteria & R.kecocokan'!$B$72 -> Rendah | AK7: ='B.kriteria & R.kecocokan'!$B$95 -> Rendah | AL7: ='B.kriteria & R.kecocokan'!$B$80 -> Rendah | AM7: ='B.kriteria & R.kecocokan'!$B$90 -> Sangat Sedikit | AN7: ='B.kriteria & R.kecocokan'!$B$49 -> Rendah | AO7: ='B.kriteria & R.kecocokan'!$B$57 -> Rendah | AP7: ='B.kriteria & R.kecocokan'!$B$65 -> Rendah | AQ7: Tidak Layak | AR7: =_xlfn.IFS(AO7="Rendah","Tidak Layak",AO7="Tinggi","Layak",AO7="sedang",IF(OR(AM7="Sedang",AM7="Sangat Sedikit"),"Layak",IF(AH7="Sangat Tinggi","Layak"," Tidak Layak"))) -> Tidak Layak
A8: 17 | B8: SUWANTO | C8: 01 / 05 | D8: ='B.kriteria & R.kecocokan'!$B$24 -> Cukup | E8: =_xlfn.IFS(D8="Banyak",'B.kriteria & R.kecocokan'!$C$23,D8="Cukup",'B.kriteria & R.kecocokan'!$C$24,D8="Sedikit",'B.kriteria & R.kecocokan'!$C$25) -> 5 | F8: ='B.kriteria & R.kecocokan'!$B$35 -> Sangat Tinggi | G8: =_xlfn.IFS(F8="Tinggi",'B.kriteria & R.kecocokan'!$C$34,F8="Sangat Tinggi",'B.kriteria & R.kecocokan'!$C$35) -> 10 | H8: ='B.kriteria & R.kecocokan'!$B$41 -> Rendah | I8: =_xlfn.IFS(H8="Rendah",'B.kriteria & R.kecocokan'!$C$41,H8="Sedang",'B.kriteria & R.kecocokan'!$C$42,H8="Tinggi",'B.kriteria & R.kecocokan'!$C$43) -> 2.5 | J8: ='B.kriteria & R.kecocokan'!$B$72 -> Rendah | K8: =_xlfn.IFS(J8="Rendah",'B.kriteria & R.kecocokan'!$C$72,J8="Sedang",'B.kriteria & R.kecocokan'!$C$73,J8="Tinggi",'B.kriteria & R.kecocokan'!$C$74) -> 2.5 | L8: ='B.kriteria & R.kecocokan'!$B$95 -> Rendah | M8: =_xlfn.IFS(L8="Rendah",'B.kriteria & R.kecocokan'!$C$95,L8="Tinggi",'B.kriteria & R.kecocokan'!$C$96) -> 2.5 | N8: ='B.kriteria & R.kecocokan'!$B$80 -> Rendah | O8: =_xlfn.IFS(N8="Rendah",'B.kriteria & R.kecocokan'!$C$80,N8="Tinggi",'B.kriteria & R.kecocokan'!$C$81) -> 2.5 | P8: ='B.kriteria & R.kecocokan'!$B$88 -> Sedang | Q8: =_xlfn.IFS(P8="Sedikit",'B.kriteria & R.kecocokan'!$C$89,P8="Sedang",'B.kriteria & R.kecocokan'!$C$88,P8="Sangat Sedikit",'B.kriteria & R.kecocokan'!$C$90) -> 5 | R8: ='B.kriteria & R.kecocokan'!$B$51 -> Tinggi | S8: =_xlfn.IFS(R8="Rendah",'B.kriteria & R.kecocokan'!$C$49,R8="Sedang",'B.kriteria & R.kecocokan'!$C$50,R8="Tinggi",'B.kriteria & R.kecocokan'!$C$51) -> 7.5 | T8: ='B.kriteria & R.kecocokan'!$B$58 -> Sedang | U8: =_xlfn.IFS(T8="Rendah",'B.kriteria & R.kecocokan'!$C$57,T8="Sedang",'B.kriteria & R.kecocokan'!$C$58,T8="Tinggi",'B.kriteria & R.kecocokan'!$C$59) -> 5 | V8: ='B.kriteria & R.kecocokan'!$B$65 -> Rendah | W8: =_xlfn.IFS(V8="Rendah",'B.kriteria & R.kecocokan'!$C$65,V8="Sedang",'B.kriteria & R.kecocokan'!$C$66,V8="Tinggi",'B.kriteria & R.kecocokan'!$C$67) -> 1 | X8: =SQRT(((E8-$E$3)^2)+((G8-$G$3)^2)+((I8-$I$3)^2+((K8-$K$3)^2)+((M8-$M$3)^2)+((O8-$O$3)^2)+((Q8-$Q$3)^2)+((S8-$S$3)^2)+((U8-$U$3)^2)+((W8-$W$3)^2))) -> 8.8600226 | Y8: =SQRT(((E8-$E$4)^2)+((G8-$G$4)^2)+((I8-$I$4)^2)+((K8-$K$4)^2)+((M8-$M$4)^2+((O8-$O$4)^2)+((Q8-$Q$4)^2)+((S8-$S$4)^2)+((U8-$U$4)^2)+((W8-$W$4^2)))) -> 6.6143783 | Z8: =MIN(X8:Y8) -> 6.6143783 | AA8: =IF(X8<Y8,"Layak","Tidak Layak") -> Tidak Layak | AD8: 85 | AE8: DWI PURWANTO | AF8: 02 / 05 | AG8: ='B.kriteria & R.kecocokan'!$B$23 -> Banyak | AH8: ='B.kriteria & R.kecocokan'!$B$34 -> Tinggi | AI8: ='B.kriteria & R.kecocokan'!$B$41 -> Rendah | AJ8: ='B.kriteria & R.kecocokan'!$B$72 -> Rendah | AK8: ='B.kriteria & R.kecocokan'!$B$96 -> Tinggi | AL8: ='B.kriteria & R.kecocokan'!$B$80 -> Rendah | AM8: ='B.kriteria & R.kecocokan'!$B$90 -> Sangat Sedikit | AN8: ='B.kriteria & R.kecocokan'!$B$49 -> Rendah | AO8: ='B.kriteria & R.kecocokan'!$B$57 -> Rendah | AP8: ='B.kriteria & R.kecocokan'!$B$65 -> Rendah | AQ8: Tidak Layak | AR8: =_xlfn.IFS(AO8="Rendah","Tidak Layak",AO8="Tinggi","Layak",AO8="sedang",IF(OR(AM8="Sedang",AM8="Sangat Sedikit"),"Layak",IF(AH8="Sangat Tinggi","Layak"," Tidak Layak"))) -> Tidak Layak
A9: 18 | B9: KASIMO | C9: 01 / 05 | D9: ='B.kriteria & R.kecocokan'!$B$24 -> Cukup | E9: =_xlfn.IFS(D9="Banyak",'B.kriteria & R.kecocokan'!$C$23,D9="Cukup",'B.kriteria & R.kecocokan'!$C$24,D9="Sedikit",'B.kriteria & R.kecocokan'!$C$25) -> 5 | F9: ='B.kriteria & R.kecocokan'!$B$35 -> Sangat Tinggi | G9: =_xlfn.IFS(F9="Tinggi",'B.kriteria & R.kecocokan'!$C$34,F9="Sangat Tinggi",'B.kriteria & R.kecocokan'!$C$35) -> 10 | H9: ='B.kriteria & R.kecocokan'!$B$41 -> Rendah | I9: =_xlfn.IFS(H9="Rendah",'B.kriteria & R.kecocokan'!$C$41,H9="Sedang",'B.kriteria & R.kecocokan'!$C$42,H9="Tinggi",'B.kriteria & R.kecocokan'!$C$43) -> 2.5 | J9: ='B.kriteria & R.kecocokan'!$B$72 -> Rendah | K9: =_xlfn.IFS(J9="Rendah",'B.kriteria & R.kecocokan'!$C$72,J9="Sedang",'B.kriteria & R.kecocokan'!$C$73,J9="Tinggi",'B.kriteria & R.kecocokan'!$C$74) -> 2.5 | L9: ='B.kriteria & R.kecocokan'!$B$95 -> Rendah | M9: =_xlfn.IFS(L9="Rendah",'B.kriteria & R.kecocokan'!$C$95,L9="Tinggi",'B.kriteria & R.kecocokan'!$C$96) -> 2.5 | N9: ='B.kriteria & R.kecocokan'!$B$80 -> Rendah | O9: =_xlfn.IFS(N9="Rendah",'B.kriteria & R.kecocokan'!$C$80,N9="Tinggi",'B.kriteria & R.kecocokan'!$C$81) -> 2.5 | P9: ='B.kriteria & R.kecocokan'!$B$88 -> Sedang | Q9: =_xlfn.IFS(P9="Sedikit",'B.kriteria & R.kecocokan'!$C$89,P9="Sedang",'B.kriteria & R.kecocokan'!$C$88,P9="Sangat Sedikit",'B.kriteria & R.kecocokan'!$C$90) -> 5 | R9: ='B.kriteria & R.kecocokan'!$B$50 -> Sedang | S9: =_xlfn.IFS(R9="Rendah",'B.kriteria & R.kecocokan'!$C$49,R9="Sedang",'B.kriteria & R.kecocokan'!$C$50,R9="Tinggi",'B.kriteria & R.kecocokan'!$C$51) -> 5 | T9: ='B.kriteria & R.kecocokan'!$B$58 -> Sedang | U9: =_xlfn.IFS(T9="Rendah",'B.kriteria & R.kecocokan'!$C$57,T9="Sedang",'B.kriteria & R.kecocokan'!$C$58,T9="Tinggi",'B.kriteria & R.kecocokan'!$C$59) -> 5 | V9: ='B.kriteria & R.kecocokan'!$B$65 -> Rendah | W9: =_xlfn.IFS(V9="Rendah",'B.kriteria & R.kecocokan'!$C$65,V9="Sedang",'B.kriteria & R.kecocokan'!$C$66,V9="Tinggi",'B.kriteria & R.kecocokan'!$C$67) -> 1 | X9: =SQRT(((E9-$E$3)^2)+((G9-$G$3)^2)+((I9-$I$3)^2+((K9-$K$3)^2)+((M9-$M$3)^2)+((O9-$O$3)^2)+((Q9-$Q$3)^2)+((S9-$S$3)^2)+((U9-$U$3)^2)+((W9-$W$3)^2))) -> 7.7298124 | Y9: =SQRT(((E9-$E$4)^2)+((G9-$G$4)^2)+((I9-$I$4)^2)+((K9-$K$4)^2)+((M9-$M$4)^2+((O9-$O$4)^2)+((Q9-$Q$4)^2)+((S9-$S$4)^2)+((U9-$U$4)^2)+((W9-$W$4^2)))) -> 5 | Z9: =MIN(X9:Y9) -> 5 | AA9: =IF(X9<Y9,"Layak","Tidak Layak") -> Tidak Layak | AD9: 86 | AE9: ASTRO DJOYO WARAS | AF9: 02 / 05 | AG9: ='B.kriteria & R.kecocokan'!$B$25 -> Sedikit | AH9: ='B.kriteria & R.kecocokan'!$B$34 -> Tinggi | AI9: ='B.kriteria & R.kecocokan'!$B$41 -> Rendah | AJ9: ='B.kriteria & R.kecocokan'!$B$72 -> Rendah | AK9: ='B.kriteria & R.kecocokan'!$B$95 -> Rendah | AL9: ='B.kriteria & R.kecocokan'!$B$81 -> Tinggi | AM9: ='B.kriteria & R.kecocokan'!$B$90 -> Sangat Sedikit | AN9: ='B.kriteria & R.kecocokan'!$B$49 -> Rendah | AO9: ='B.kriteria & R.kecocokan'!$B$57 -> Rendah | AP9: ='B.kriteria & R.kecocokan'!$B$65 -> Rendah | AQ9: Tidak Layak | AR9: =_xlfn.IFS(AO9="Rendah","Tidak Layak",AO9="Tinggi","Layak",AO9="sedang",IF(OR(AM9="Sedang",AM9="Sangat Sedikit"),"Layak",IF(AH9="Sangat Tinggi","Layak"," Tidak Layak"))) -> Tidak Layak
A10: 19 | B10: KASMINAH | C10: 01 / 05 | D10: ='B.kriteria & R.kecocokan'!$B$25 -> Sedikit | E10: =_xlfn.IFS(D10="Banyak",'B.kriteria & R.kecocokan'!$C$23,D10="Cukup",'B.kriteria & R.kecocokan'!$C$24,D10="Sedikit",'B.kriteria & R.kecocokan'!$C$25) -> 7.5 | F10: ='B.kriteria & R.kecocokan'!$B$34 -> Tinggi | G10: =_xlfn.IFS(F10="Tinggi",'B.kriteria & R.kecocokan'!$C$34,F10="Sangat Tinggi",'B.kriteria & R.kecocokan'!$C$35) -> 7.5 | H10: ='B.kriteria & R.kecocokan'!$B$41 -> Rendah | I10: =_xlfn.IFS(H10="Rendah",'B.kriteria & R.kecocokan'!$C$41,H10="Sedang",'B.kriteria & R.kecocokan'!$C$42,H10="Tinggi",'B.kriteria & R.kecocokan'!$C$43) -> 2.5 | J10: ='B.kriteria & R.kecocokan'!$B$72 -> Rendah | K10: =_xlfn.IFS(J10="Rendah",'B.kriteria & R.kecocokan'!$C$72,J10="Sedang",'B.kriteria & R.kecocokan'!$C$73,J10="Tinggi",'B.kriteria & R.kecocokan'!$C$74) -> 2.5 | L10: ='B.kriteria & R.kecocokan'!$B$95 -> Rendah | M10: =_xlfn.IFS(L10="Rendah",'B.kriteria & R.kecocokan'!$C$95,L10="Tinggi",'B.kriteria & R.kecocokan'!$C$96) -> 2.5 | N10: ='B.kriteria & R.kecocokan'!$B$81 -> Tinggi | O10: =_xlfn.IFS(N10="Rendah",'B.kriteria & R.kecocokan'!$C$80,N10="Tinggi",'B.kriteria & R.kecocokan'!$C$81) -> 7.5 | P10: ='B.kriteria & R.kecocokan'!$B$90 -> Sangat Sedikit | Q10: =_xlfn.IFS(P10="Sedikit",'B.kriteria & R.kecocokan'!$C$89,P10="Sedang",'B.kriteria & R.kecocokan'!$C$88,P10="Sangat Sedikit",'B.kriteria & R.kecocokan'!$C$90) -> 1 | R10: ='B.kriteria & R.kecocokan'!$B$49 -> Rendah | S10: =_xlfn.IFS(R10="Rendah",'B.kriteria & R.kecocokan'!$C$49,R10="Sedang",'B.kriteria & R.kecocokan'!$C$50,R10="Tinggi",'B.kriteria & R.kecocokan'!$C$51) -> 2.5 | T10: ='B.kriteria & R.kecocokan'!$B$58 -> Sedang | U10: =_xlfn.IFS(T10="Rendah",'B.kriteria & R.kecocokan'!$C$57,T10="Sedang",'B.kriteria & R.kecocokan'!$C$58,T10="Tinggi",'B.kriteria & R.kecocokan'!$C$59) -> 5 | V10: ='B.kriteria & R.kecocokan'!$B$65 -> Rendah | W10: =_xlfn.IFS(V10="Rendah",'B.kriteria & R.kecocokan'!$C$65,V10="Sedang",'B.kriteria & R.kecocokan'!$C$66,V10="Tinggi",'B.kriteria & R.kecocokan'!$C$67) -> 1 | X10: =SQRT(((E10-$E$3)^2)+((G10-$G$3)^2)+((I10-$I$3)^2+((K10-$K$3)^2)+((M10-$M$3)^2)+((O10-$O$3)^2)+((Q10-$Q$3)^2)+((S10-$S$3)^2)+((U10-$U$3)^2)+((W10-$W$3)^2))) -> 0 | Y10: =SQRT(((E10-$E$4)^2)+((G10-$G$4)^2)+((I10-$I$4)^2)+((K10-$K$4)^2)+((M10-$M$4)^2+((O10-$O$4)^2)+((Q10-$Q$4)^2)+((S10-$S$4)^2)+((U10-$U$4)^2)+((W10-$W$4^2)))) -> 8.5 | Z10: =MIN(X10:Y10) -> 0 | AA10: =IF(X10<Y10,"Layak","Tidak Layak") -> Layak | AD10: 87 | AE10: MAMPUANTO | AF10: 02 /05 | AG10: ='B.kriteria & R.kecocokan'!$B$25 -> Sedikit | AH10: ='B.kriteria & R.kecocokan'!$B$35 -> Sangat Tinggi | AI10: ='B.kriteria & R.kecocokan'!$B$43 -> Tinggi | AJ10: ='B.kriteria & R.kecocokan'!$B$72 -> Rendah | AK10: ='B.kriteria & R.kecocokan'!$B$95 -> Rendah | AL10: ='B.kriteria & R.kecocokan'!$B$80 -> Rendah | AM10: ='B.kriteria & R.kecocokan'!$B$89 -> Sedikit | AN10: ='B.kriteria & R.kecocokan'!$B$49 -> Rendah | AO10: ='B.kriteria & R.kecocokan'!$B$57 -> Rendah | AP10: ='B.kriteria & R.kecocokan'!$B$65 -> Rendah | AQ10: Tidak Layak | AR10: =_xlfn.IFS(AO10="Rendah","Tidak Layak",AO10="Tinggi","Layak",AO10="sedang",IF(OR(AM10="Sedang",AM10="Sangat Sedikit"),"Layak",IF(AH10="Sangat Tinggi","Layak"," Tidak Layak"))) -> Tidak Layak
A11: 20 | B11: DIDIK PRIANTO | C11: 01 / 05 | D11: ='B.kriteria & R.kecocokan'!$B$24 -> Cukup | E11: =_xlfn.IFS(D11="Banyak",'B.kriteria & R.kecocokan'!$C$23,D11="Cukup",'B.kriteria & R.kecocokan'!$C$24,D11="Sedikit",'B.kriteria & R.kecocokan'!$C$25) -> 5 | F11: ='B.kriteria & R.kecocokan'!$B$34 -> Tinggi | G11: =_xlfn.IFS(F11="Tinggi",'B.kriteria & R.kecocokan'!$C$34,F11="Sangat Tinggi",'B.kriteria & R.kecocokan'!$C$35) -> 7.5 | H11: ='B.kriteria & R.kecocokan'!$B$41 -> Rendah | I11: =_xlfn.IFS(H11="Rendah",'B.kriteria & R.kecocokan'!$C$41,H11="Sedang",'B.kriteria & R.kecocokan'!$C$42,H11="Tinggi",'B.kriteria & R.kecocokan'!$C$43) -> 2.5 | J11: ='B.kriteria & R.kecocokan'!$B$72 -> Rendah | K11: =_xlfn.IFS(J11="Rendah",'B.kriteria & R.kecocokan'!$C$72,J11="Sedang",'B.kriteria & R.kecocokan'!$C$73,J11="Tinggi",'B.kriteria & R.kecocokan'!$C$74) -> 2.5 | L11: ='B.kriteria & R.kecocokan'!$B$95 -> Rendah | M11: =_xlfn.IFS(L11="Rendah",'B.kriteria & R.kecocokan'!$C$95,L11="Tinggi",'B.kriteria & R.kecocokan'!$C$96) -> 2.5 | N11: ='B.kriteria & R.kecocokan'!$B$80 -> Rendah | O11: =_xlfn.IFS(N11="Rendah",'B.kriteria & R.kecocokan'!$C$80,N11="Tinggi",'B.kriteria & R.kecocokan'!$C$81) -> 2.5 | P11: ='B.kriteria & R.kecocokan'!$B$89 -> Sedikit | Q11: =_xlfn.IFS(P11="Sedikit",'B.kriteria & R.kecocokan'!$C$89,P11="Sedang",'B.kriteria & R.kecocokan'!$C$88,P11="Sangat Sedikit",'B.kriteria & R.kecocokan'!$C$90) -> 2.5 | R11: ='B.kriteria & R.kecocokan'!$B$49 -> Rendah | S11: =_xlfn.IFS(R11="Rendah",'B.kriteria & R.kecocokan'!$C$49,R11="Sedang",'B.kriteria & R.kecocokan'!$C$50,R11="Tinggi",'B.kriteria & R.kecocokan'!$C$51) -> 2.5 | T11: ='B.kriteria & R.kecocokan'!$B$58 -> Sedang | U11: =_xlfn.IFS(T11="Rendah",'B.kriteria & R.kecocokan'!$C$57,T11="Sedang",'B.kriteria & R.kecocokan'!$C$58,T11="Tinggi",'B.kriteria & R.kecocokan'!$C$59) -> 5 | V11: ='B.kriteria & R.kecocokan'!$B$65 -> Rendah | W11: =_xlfn.IFS(V11="Rendah",'B.kriteria & R.kecocokan'!$C$65,V11="Sedang",'B.kriteria & R.kecocokan'!$C$66,V11="Tinggi",'B.kriteria & R.kecocokan'!$C$67) -> 1 | X11: =SQRT(((E11-$E$3)^2)+((G11-$G$3)^2)+((I11-$I$3)^2+((K11-$K$3)^2)+((M11-$M$3)^2)+((O11-$O$3)^2)+((Q11-$Q$3)^2)+((S11-$S$3)^2)+((U11-$U$3)^2)+((W11-$W$3)^2))) -> 5.7879185 | Y11: =SQRT(((E11-$E$4)^2)+((G11-$G$4)^2)+((I11-$I$4)^2)+((K11-$K$4)^2)+((M11-$M$4)^2+((O11-$O$4)^2)+((Q11-$Q$4)^2)+((S11-$S$4)^2)+((U11-$U$4)^2)+((W11-$W$4^2)))) -> 4.330127 | Z11: =MIN(X11:Y11) -> 4.330127 | AA11: =IF(X11<Y11,"Layak","Tidak Layak") -> Tidak Layak | AD11: 88 | AE11: MULYONO | AF11: 02 /05 | AG11: ='B.kriteria & R.kecocokan'!$B$25 -> Sedikit | AH11: ='B.kriteria & R.kecocokan'!$B$35 -> Sangat Tinggi | AI11: ='B.kriteria & R.kecocokan'!$B$41 -> Rendah | AJ11: ='B.kriteria & R.kecocokan'!$B$72 -> Rendah | AK11: ='B.kriteria & R.kecocokan'!$B$95 -> Rendah | AL11: ='B.kriteria & R.kecocokan'!$B$81 -> Tinggi | AM11: ='B.kriteria & R.kecocokan'!$B$90 -> Sangat Sedikit | AN11: ='B.kriteria & R.kecocokan'!$B$51 -> Tinggi | AO11: ='B.kriteria & R.kecocokan'!$B$59 -> Tinggi | AP11: ='B.kriteria & R.kecocokan'!$B$65 -> Rendah | AQ11: Layak | AR11: =_xlfn.IFS(AO11="Rendah","Tidak Layak",AO11="Tinggi","Layak",AO11="sedang",IF(OR(AM11="Sedang",AM11="Sangat Sedikit"),"Layak",IF(AH11="Sangat Tinggi","Layak"," Tidak Layak"))) -> Layak
